,0,1,2,3,4
0,서울,경복궁,4.6,35730,투어 & 박물관이 있는 역사적인 궁전
1,서울,N서울타워,4.5,48753,도시의 전경을 조망할 수 있는 타워 & 레스토랑
2,서울,북촌한옥마을,4.3,13286,600년의 역사를 지닌 유적 마을
3,서울,명동,0,0,다양한 쇼핑 및 캐주얼한 세계 각국의 요리를 선보이는 식당
4,서울,롯데월드,4.2,39286,수족관이 있는 어드벤처 & 워터파크
5,서울,청계천,4.4,6418,복원된 개울이 있는 도시 공원 공간
6,서울,롯데월드타워,0,0,건축 및 등반
7,서울,국립중앙박물관,4.6,18833,현대적인 한국 문화 전시의 중심지
8,서울,DDP 동대문디자인플라자,4.3,25459,디자인 센터가 있는 초현대적 공간
9,서울,광장시장,4.1,31048,오래된 전통 식료품 시장
10,서울,남대문시장,4.2,23150,방대한 전통 시장
11,서울,덕수궁,4.5,16374,왕궁수문장 의식을 볼 수 있는 궁전
12,서울,조계사,4.5,5651,조계종 총본사와 웅장한 본당
13,서울,북한산국립공원,4.6,2246,산책로와 사원이 있는 산악 공원
14,서울,국립민속박물관,4.5,1830,한국의 관습과 문화를 보여주는 박물관
15,서울,창경궁,4.6,3030,15세기에 지은 왕궁
16,서울,리움미술관,4.8,603,"미술관, 건축, 박물관, 예술 및 조각"
17,서울,전쟁기념관,4.6,14817,"전쟁 관련 전시, 전차, 기념비"
18,서울,스타필드 코엑스몰,4.2,20327,수족관이 있는 거대한 지하 쇼핑몰
19,서울,서울숲공원,4.6,8428,호수와 숲이 있는 넓은 공원
20,서울,반포대교,4.4,806,무지개 분수가 설치된 2층 교량
21,서울,동대문종합시장,4.1,1740,"쇼핑, 패션 및 시장"
22,서울,광화문,4.7,458,"궁전, 역사, 미술관 및 건축"
23,서울,남산,4.6,504,"공원, 타워, 산책로가 있는 봉우리"
24,서울,남산골 한옥마을,4.3,8283,조선 시대에 지은 한옥을 둘러볼 수 있는 관광 명소
25,서울,올림픽공원,4.6,2479,1988년 서울 올림픽이 개최된 올림픽 공원
26,서울,숭례문,4.6,54,"쇼핑, 시장 및 건축"
27,서울,북한산,4.7,259,현지 대표 명소인 봉우리 3개가 있는 산
28,서울,청와대,3.8,791,대통령 공식 집무실과 관저
29,서울,롯데월드 아쿠아리움,4.2,13271,흰돌고래 및 쇼핑
30,서울,이화동 벽화마을,4.1,4155,벽화와 조형물로 이루어진 마을
31,서울,낙산 성곽길,4.6,364,역사 깊은 담과 유적지를 따라 이어지는 경치 좋은 길
32,서울,서울시립미술관,4.6,677,"미술관, 예술, 박물관 및 근대 미술"
33,서울,별마당도서관,4.6,1625,쇼핑몰 안에 있는 넓고 현대적인 도서관
34,서울,광화문광장,4.3,9345,거대한 동상이 우뚝 서 있는 공공 광장
35,서울,63빌딩,4.2,8468,랜드마크 고층 건물 & 엔터테인먼트 공간
36,서울,서울대공원,4.4,11460,동물원 및 전시관이 있는 엔터테인먼트 지역
37,서울,여의도한강공원,4.5,13930,수영장이 있는 광대한 강변 공원
38,서울,서울역사박물관,4.4,4101,서울의 역사 전시
39,서울,서울로7017,4.1,6253,예전 고가도로에 지은 공원
40,서울,국립고궁박물관,4.5,5250,조선 왕조의 유물을 전시한 박물관
41,서울,서울랜드,4.3,12086,한국 최초 테마파크로 1988년에 개장
42,서울,코엑스 아쿠아리움,4.3,9083,"펭귄, 해양 포유류, 토종 물고기"
43,서울,Yeouido,4.4,33,고층 건물과 공원이 있는 도심의 섬
44,서울,어린이대공원,4.4,11721,"놀이공원, 놀이터, 동물원"
45,서울,경희궁,4.4,1008,박물관과 인접한 역사적인 궁궐
46,서울,동대문,4.3,5698,성곽의 유서 깊은 문
47,서울,남산 공원,4.6,1447,타워와 케이블카가 있는 산책 명소
48,서울,익선동 한옥거리,4.2,6176,세련된 상점과 식당 거리
49,서울,서대문형무소역사관,4.6,7366,1908년에 지어진 감옥에 자리한 형무소 역사관
50,서울,서울스카이,4.6,822,
51,서울,인왕산,4.7,223,다양한 형태의 거대한 화강암 봉우리
52,서울,반포한강공원,4.4,6497,산책과 자전거 타기를 즐길 수 있는 강변 공원
53,서울,하늘공원,4.5,7630,높이 자란 잔디와 아름다운 풍경이 있는 공원
54,서울,낙산공원,4.5,5012,언덕 위의 아름다운 전경과 산책로
55,서울,명동대성당,4.6,7674,19세기 고딕 양식 성당
56,서울,대한민국역사박물관,4.5,2644,근현대사 박물관
57,서울,남한산성 전승문,4.3,1938,유서 깊은 군사 도시의 석문
58,서울,여의도공원,4.4,5443,휴양 명소인 아름다운 공원
59,서울,뮤지엄 김치간,4.2,414,김치 전시가 있는 현대적인 공간
60,서울,국제갤러리,4.4,293,디자인이 아름다운 현대 미술관
61,서울,서울특별시청,4.3,553,세련되고 현대적인 시청 건물
62,서울,코코넛박스,4.2,4130,3D 착시 미술 전시관
63,서울,운현궁,4.3,2478,왕실과 정치 지도자가 거주했던 궁전
64,서울,관악산,4.5,326,사찰이 있는 산
65,서울,대림미술관,4.2,2088,사진 전시가 있는 현대적 공간
66,서울,일산호수공원,4.5,5626,"산책, 예술, 이벤트를 즐길 수 있는 호숫가 공원"
67,서울,경의선숲길공원,4.4,2357,옛 철로를 개조한 직선형 녹지 공간
68,서울,통인시장,3.8,6474,한국 음식을 판매하는 재래시장
69,서울,종묘,4.5,531,조선 왕조의 왕과 왕비를 위한 사원
70,서울,세빛둥둥섬,4.2,164,한강의 아름다운 섬
71,서울,광명동굴,4.3,11310,조명 쇼와 와인을 즐기기 좋은 유서 깊은 동굴
72,서울,석촌호수공원,4.5,4571,호수와 산책로가 있는 넓고 울창한 공원
73,서울,국립현대미술관 덕수궁,4.6,1630,국내외 현대 예술을 전시하는 미술관
74,서울,용마랜드,3.9,303,폐장된 어린이 놀이공원
75,서울,창덕궁 후원,4.8,1042,유서 깊은 궁궐 근처의 조경 공원
76,서울,국립현대미술관 서울,4.6,1409,미술관 및 예술
77,서울,북서울 꿈의숲,4.5,4299,산책로 및 아트 센터가 있는 거대한 공원
78,서울,디뮤지엄,4.2,2234,현대 예술 전시가 있는 독특한 미술관
79,서울,아차산,4.4,293,도시가 보이고 둘레길이 있는 산
80,서울,경복궁 경회루,4.9,69,조용한 연못 옆의 누각
81,서울,탑골공원,3.7,3027,10층 석탑이 자리한 공원
82,서울,경복궁 근정전,4.9,32,1395년에 지었으며 이후 복원된 광활한 왕궁
83,서울,도산공원,4.4,1775,한국의 독립운동가를 기리는 나무가 우거진 공원
84,서울,선릉과 정릉,4.6,82,"무덤, 사적 및 역사"
85,서울,석촌호수,4.5,1144,인기 있는 도심 호수와 휴식 공간
86,서울,국립과천과학관,4.5,7773,현대적 공간의 인터랙티브 전시관
87,서울,남산 케이블카,4.2,9924,탁 트인 전망의 공중 케이블카
88,서울,인천대공원,4.4,5713,도심 속 대형 자연공원과 쉼터
89,서울,문화비축기지,4.2,2036,무대와 전시관이 있는 문화 공원
90,서울,갤러리현대,4.5,218,회화와 조각이 전시된 현대 미술관
91,서울,세종문화회관,4.4,6387,한국 공연 예술 센터
92,서울,노들섬,4.4,125,"음악, 오페라 극장 및 예술"
93,서울,한류스타거리,4.5,78,현대 미술품을 볼 수 있는 유명한 거리
94,서울,도봉산,4.6,222,거대한 바위와 고찰이 있고 녹음이 우거진 봉우리
95,서울,망원시장,4.2,6931,"지역특산물, 간식, 따뜻한 음식"
96,서울,아모레퍼시픽미술관,4.5,591,"미술관, 예술 및 박물관"
97,서울,선유도,4.6,18,넓은 공원과 미술관이 있는 섬
98,서울,서울광장,4.2,3008,현장 행사가 열리는 타원형 녹지 공간
99,인천,송도 센트럴파크,4.5,5006,뉴욕 센트럴 파크를 모델로 한 공원
100,인천,월미도,4.1,368,"식당, 상점, 놀이공원"
101,인천,인천 차이나타운,3.9,10331,중국 음식을 즐기는 사람들에게 인기 있는 장소
102,인천,무의도,4.1,98,해변 활동을 즐길 수 있는 휴양지
103,인천,일산호수공원,4.5,5626,"산책, 예술, 이벤트를 즐길 수 있는 호숫가 공원"
104,인천,송월동 동화마을,3.9,7691,동화 그림으로 장식한 마을
105,인천,인천대교,4.4,301,20km가 넘는 6차선 고속도로 다리
106,인천,대한불교조계종 전등사(傳燈寺),4.2,309,나무가 울창하고 고즈넉한 불교 사찰
107,인천,인천대공원,4.4,5713,도심 속 대형 자연공원과 쉼터
108,인천,월미테마파크,4.0,7089,다양한 놀이기구와 실내 놀이터
109,인천,자유공원,4.3,1714,계절의 변화를 느낄 수 있는 언덕 산책로
110,인천,원마운트,3.8,7296,겨울과 여름 액티비티를 모두 즐길 수 있는 테마파크
111,인천,신포국제시장,4.1,8222,"먹거리, 패션 제품 등이 있는 야외 시장"
112,인천,G-타워 인천경제자유구역(IFEZ) 청사,4.3,1964,전망대가 있는 유명한 타워
113,인천,을왕리해수욕장,3.8,218,식당이 즐비한 북적이는 모래 해변
114,인천,선재도,4.4,25,낚시와 게스트하우스 숙박이 가능한 작은 섬
115,인천,아쿠아플라넷 일산,4.2,4351,다이빙 공연이 있는 대형 수족관
116,인천,시흥갯골생태공원,4.4,5983,전망대가 있는 강변의 보호구역
117,인천,행주산성,4.3,3537,공원 산책로가 있는 언덕 위 요새
118,인천,웅진플레이도시,4.0,5364,실내 스키 & 워터파크
119,인천,강화 평화전망대,4.3,2548,북한 관련 전시와 망원경으로 보는 전망
120,인천,동막해수욕장,4.3,73,해변 및 야영
121,인천,마니산,4.5,122,절이 있는 강화도 산
122,인천,한국만화박물관,4.2,1832,박물관
123,인천,인천상륙작전기념관,4.2,883,언덕 위 전쟁 기념비와 전시물
124,인천,장릉,4.5,395,무덤
125,인천,대청도,4.1,19,해변과 산책로가 있는 휴양 섬
126,인천,보문사,4.3,2177,바다 전경의 고대 불교 사찰
127,인천,짜장면 박물관,3.8,725,박물관
128,인천,트라이볼,4.3,745,다목적 전시관 & 콘서트홀
129,인천,청라 호수공원,4.6,784,공원
130,인천,하나개해수욕장,4.2,81,해변
131,인천,계양산,4.2,287,등산 및 산
132,인천,동막해변,4.2,77,캠핑장과 식당이 있는 편안한 분위기의 해변
133,인천,실미도,3.7,35,과거 역사로 유명한 무인도
134,인천,교동도,3.8,29,북한이 보이는 것으로 유명한 섬
135,인천,대연평도,4.0,27,군사 역사와 꽃게잡이
136,인천,신도,4.5,19,
137,인천,시화방조제,4.3,3536,낚시
138,인천,달전망대,4.2,4609,
139,인천,장봉도,4.0,30,해변 및 야영
140,인천,을왕리해수욕장,4.0,27,
141,인천,오이도 빨강등대,3.9,6814,등대
142,인천,영종대교,4.2,160,안개
143,인천,광성보,4.3,1820,역사 및 사적
144,인천,승봉도,4.1,30,야영
145,인천,구봉도,4.1,29,야영
146,인천,굴업도,4.5,46,야영
147,인천,정서진,4.3,810,
148,인천,마니산 참성단,4.4,722,등산 및 역사
149,인천,방아머리해수욕장,4.3,952,야영 및 항만
150,인천,자월도,4.0,21,낚시 및 야영
151,인천,상동호수공원,4.4,1603,공원
152,인천,강화역사박물관,4.2,939,박물관 및 역사
153,인천,소무의도,4.2,2067,해변
154,인천,대이작도,4.0,38,야영
155,인천,대한성공회 강화성당,4.4,1104,"성당, 건축 및 역사"
156,인천,파주출판도시 휴게소,3.7,3280,
157,인천,수도국산 달동네박물관,4.3,1068,박물관
158,인천,유리섬 박물관,3.8,992,"박물관, 예술 및 미술관"
159,인천,용유도,3.4,10,해변 및 야영
160,인천,거북섬,4.2,15,서핑 및 수상 스포츠
161,인천,민머루해수욕장,3.9,219,갯벌과 샤워장이 있는 모래 해변
162,인천,초지진(草芝鎭),3.9,1280,역사
163,인천,인천시립박물관,4.3,896,박물관 및 역사
164,인천,고려산,4.2,204,진달래꽃으로 유명한 산
165,인천,호룡곡산,4.4,26,
166,인천,인천개항박물관,4.0,209,박물관 및 역사
167,인천,국립생물자원관,4.5,554,"호랑이, 박제, 박쥐, 아무르표범 및 철새"
168,인천,강화루지,4.5,3014,
169,인천,구봉도낙조전망대,4.4,1169,
170,인천,시도,4.2,5,
171,인천,마시안해변,4.1,11,해변
172,인천,소래생태습지,4.2,789,아름다운 습지 및 조류 관찰 지역
173,인천,대부바다향기테마파크,3.9,423,
174,인천,교동대교,4.6,9,저수지
175,인천,강화 소창체험관(구 평화직물),4.5,126,박물관
176,인천,씨사이드파크,4.3,416,야영
177,인천,선녀바위,3.9,2386,해변 및 야영
178,인천,한국이민사박물관,4.2,550,박물관
179,인천,시화나래휴게소,4.2,8224,
180,인천,십리포해변,4.1,65,해변 및 야영
181,인천,월미공원,4.3,311,공원
182,인천,영종 씨사이드파크 레일바이크,4.1,1891,
183,인천,송도 한옥마을,4.4,194,
184,인천,마시란해변,3.9,49,해변
185,인천,시흥 연꽃테마파크,4.0,2454,저수지 및 공원
186,인천,관곡지,3.9,247,저수지
187,인천,배곧 한울공원,4.5,882,공원
188,인천,덕진진,4.1,424,역사 및 사적
189,인천,인천아트플랫폼,4.2,546,예술 및 건축
190,인천,소야도,4.7,14,야영
191,인천,대룡시장,3.8,3629,
192,인천,옹진 백령도 두무진,4.1,8,절벽 및 물범과
193,인천,소래습지 생태공원,4.6,39,
194,인천,옥토끼우주센터,4.1,1820,박물관 및 과학관
195,인천,실미해수욕장,3.9,131,해변
196,인천,강화 고려궁지,4.0,965,유적 및 역사
197,인천,송암미술관,4.3,90,미술관 및 예술
198,인천,대전,0,0,
199,인천,주요 정보,0,0,
200,인천,볼거리,0,0,결과 정보
201,인천,대전오월드,4.2,6116,놀이기구와 동물원이 있는 소박한 테마파크
202,인천,국립중앙과학관,4.5,4300,현대 과학 기술 박물관
203,인천,한밭수목원,4.6,3123,놀이터와 다양한 식물이 있는 공원
204,인천,청남대(靑南臺),4.3,3288,과거 대통령 별장과 호숫가 공원
205,인천,대전시립미술관,4.3,978,현대 예술작품 및 조각 공원
206,인천,계룡산,4.5,78,등산을 할 수 있는 산과 국립공원
207,인천,이응노미술관,4.4,486,"미술관, 예술 및 박물관"
208,인천,대둔산,4.4,103,경치 좋은 봉우리가 많은 산
209,인천,장태산 자연휴양림,4.5,3972,대여용 통나무집과 산책로
210,인천,뿌리공원,4.4,2748,계보를 테마로 한 조각 공원
211,인천,엑스포다리,4.5,1115,
212,인천,국립세종수목원,4.5,904,정원
213,인천,대청댐,0,0,콘크리트 중력 댐과 관광 안내소
214,인천,세종호수공원,4.5,3190,공원 및 호수
215,인천,계족산 황톳길,4.5,373,
216,인천,대동하늘공원,4.1,1438,공원
217,인천,Yuseong Hot Springs,0,0,
218,인천,대전중앙시장,4.1,5547,
219,인천,대전스카이로드,4.1,2403,
220,인천,유림공원,4.7,40,공원
221,인천,보문산,4.4,37,"등산, 공원 및 자연"
222,인천,한빛탑,4.1,1107,공원 및 음악
223,인천,식장산,4.4,35,등산 및 산
224,인천,우암사적공원,4.4,691,공원
225,인천,대전아쿠아리움,4.0,1816,수족관
226,인천,화폐박물관,4.3,615,박물관 및 과학관
227,인천,회덕동춘당,4.4,232,
228,인천,대전시립박물관,4.1,489,박물관 및 역사
229,인천,대전 엑스포 과학공원,4.0,87,공원
230,인천,장령산 자연휴양림,4.3,658,"단풍, 야영 및 자연"
231,인천,엑스포시민광장,4.5,3021,공원
232,인천,문의문화재단지,4.1,521,
233,인천,지질박물관,4.4,575,"박물관, 화석 및 과학관"
234,인천,계룡산국립공원 수통골지구,4.5,2784,등산
235,인천,만인산 자연휴양림,4.2,2263,자연
236,인천,용암사,4.4,187,사원
237,인천,대청호,4.8,4,공원
238,인천,부소담악(芙沼潭岳),4.0,81,
239,인천,상소동산림욕장,4.3,654,자연 및 야영
240,인천,대전시민천문대,4.5,67,관측소
241,인천,장계관광지,3.8,352,
242,인천,계족산성,4.5,744,
243,인천,대둔산도립공원 (전북),4.5,356,케이블카와 하이킹을 즐길 수 있는 산악 공원
244,인천,수락계곡,4.2,724,야영
245,인천,대전선사박물관,4.2,139,"박물관, 구석기 시대, 선사 시대 및 유적"
246,인천,(재단)백제세계유산센터,4.3,4,역사
247,인천,플라워랜드,4.4,709,
248,인천,미호천,5.0,2,"강, 저수지 및 낚시"
249,인천,장동산림욕장,4.6,468,
250,인천,하늘물빛정원,4.1,3014,정원 및 공원
251,인천,남간정사,4.1,67,건축
252,인천,마천대,4.2,9,
253,인천,청주시립 대청호미술관,4.2,100,미술관 및 예술
254,인천,수생식물학습원,4.3,996,정원
255,인천,으능정이 문화의 거리,4.2,58,
256,인천,식장산 해돋이전망대,4.6,2784,
257,인천,천황봉,3.0,1,
258,인천,둔산선사유적지,3.8,440,"유적, 선사 시대 및 구석기 시대"
259,인천,서대산,4.2,13,"등산, 야영 및 산"
260,인천,한밭교육박물관,4.2,101,박물관
261,인천,대전 엑스포 아쿠아리움,4.1,15,수족관
262,인천,향수호수길,4.6,7,
263,인천,대청호오백리길 4구간(호반낭만길),4.5,54,공원
264,인천,월명동수련원,4.9,1023,사원 및 자연
265,인천,월평공원,4.4,70,공원 및 습지
266,인천,대전근현대사전시관(구 충남도청),4.1,232,박물관 및 역사
267,인천,옥천 전통문화체험관,3.8,9,
268,인천,동춘당공원,4.3,655,공원
269,인천,빈계산,4.4,49,
270,인천,정지용 시인 생가,4.2,637,문학
271,인천,한밭수목원 열대식물원,4.4,5,
272,인천,논산 개태사지,4.3,23,불교
273,인천,대동벽화마을,0,0,
274,인천,테미오래,4.4,135,
275,인천,보문산성,4.5,364,
276,인천,마치광장,4.4,79,
277,인천,장용산,4.0,1,
278,인천,보라매공원,4.2,201,공원
279,인천,장태산,4.8,4,
280,인천,슬픈연가 촬영지,4.6,275,
281,인천,만인산휴게소,4.2,487,
282,인천,부엉산,0,0,
283,인천,목척교,4.0,770,음악
284,인천,대청댐물문화관,4.1,699,
285,인천,테미예술창작센터,4.0,8,예술 및 시각 예술
286,인천,옛터민속박물관,4.3,383,박물관
287,인천,테미공원,4.4,397,공원
288,인천,천연기념물센터,5.0,1,자연 및 박물관
289,인천,구봉산,4.3,42,단풍
290,인천,베스트,0,0,
291,인천,대청호반자연생태공원,4.3,523,공원
292,인천,정지용 문학관,3.0,6,
293,인천,천주교 대전교구청,4.2,5,
294,인천,온빛자연휴양림,4.2,77,자연
295,인천,쌀개봉,4.0,2,
296,인천,대둔산자연휴양림,4.2,247,야영 및 자연
297,인천,옥천 이지당,4.1,59,
298,인천,대전어린이회관,4.5,613,
299,인천,대전창작센터,4.0,50,미술관 및 예술
300,인천,도덕봉,4.3,55,
301,대구,서문시장,4.2,16043,활기 넘치는 대규모 전통 시장
302,대구,83타워,4.4,4255,전망대가 있는 높은 타워
303,대구,앞산,4.7,106,등산로와 케이블카가 있는 산
304,대구,팔공산,4.3,158,사원과 신전이 있는 푸른 산
305,대구,대구수목원,4.6,3052,정원
306,대구,대구미술관,4.4,2476,"미술관, 예술 및 박물관"
307,대구,두류공원,4.3,520,83 타워 및 스포츠 시설이 있는 공원
308,대구,김광석 다시그리기길,4.2,7076,
309,대구,대구 팔공산 갓바위,4.6,4352,산 정상에 있는 영험한 불상
310,대구,대구약령시한의약박물관,4.1,903,약초 전시 및 체험 프로그램
311,대구,이월드,4.4,6224,놀이기구와 타워가 있는 놀이공원
312,대구,아트맵,0,0,"미술관, 갤러리, 박물관, 전람회 및 빈센트 반 고흐"
313,대구,국립대구박물관,4.3,1261,대구의 문화 유산 박물관
314,대구,비슬산,4.4,164,등산로와 야생 진달래 군락지가 있는 산
315,대구,네이처파크,4.4,747,동물원
316,대구,팔공산케이블카,4.3,2321,산 풍경을 감상할 수 있는 케이블카
317,대구,송해공원,4.3,5115,공원
318,대구,달성공원,4.2,3908,작은 동물원이 있는 넓은 공원
319,대구,계산성당,4.5,1707,"교회당, 대성당, 로마네스크 건축, 고딕 건축 및 건축"
320,대구,경상감영공원(慶尙監營公園),4.0,1425,옛 정부 건물이 있는 공원
321,대구,디아크문화관,4.3,3911,독특한 구조의 멀티미디어 박물관
322,대구,동촌유원지,4.2,2600,오리배가 있는 강변 공원
323,대구,앞산,4.5,61,등산
324,대구,우포늪,4.5,124,희귀 조류와 식물이 사는 습지대
325,대구,은해사(銀海寺),4.4,646,불교 및 사원
326,대구,마비정벽화마을,3.9,878,
327,대구,금호강,4.2,9,"강, 수달, 습지 및 야영"
328,대구,국립대구과학관,4.4,2510,천체 투영관이 있는 과학 박물관
329,대구,대구아쿠아리움,4.3,1839,수족관
330,대구,청도 프로방스,4.0,1848,조명이 있는 동화 테마파크
331,대구,강정보,4.4,597,
332,대구,국채보상운동기념공원,4.3,1421,공원
333,대구,대구근대역사관,4.3,529,현지 역사를 주제로 한 박물관
334,대구,비슬산 자연휴양림,4.4,484,"하이킹, 동굴 등을 즐길 수 있는 숲"
335,대구,월광수변공원,4.4,3337,산책로와 장미가 있는 수변 공원
336,대구,파계사(把溪寺),4.3,469,사원 및 불교
337,대구,대구예술발전소,4.2,897,"예술, 건축 및 미술관"
338,대구,안지랑곱창골목,4.0,2098,
339,대구,도동서원(道東書院),4.4,849,역사
340,대구,대구섬유박물관,4.3,272,박물관
341,대구,아양교,4.2,511,
342,대구,옻골마을 돌담길,4.2,366,
343,대구,앞산전망대,4.6,2034,
344,대구,대구오페라하우스,4.3,862,"오페라, 뮤지컬, 오페라 극장 및 음악"
345,대구,칠성종합시장,4.1,3168,장어
346,대구,아양기찻길,4.1,1125,
347,대구,대구시민안전테마파크,4.5,146,
348,대구,서문시장 야시장,3.9,465,
349,대구,삼성현 역사문화공원,4.6,405,박물관
350,대구,남평문씨 본리세거지(南平文氏 本里世居地),4.2,1010,
351,대구,봉무공원(鳳舞公園),4.4,1231,"공원, 수상스키, 웨이크보딩 및 야영"
352,대구,성주 한개마을,4.1,323,
353,대구,동화사,4.5,6,사찰과 동상이 있는 불교 사원
354,대구,유가사(瑜伽寺),4.3,577,
355,대구,동산계곡,3.9,230,
356,대구,불로동 고분군,4.4,643,무덤 및 유적
357,대구,치산계곡,4.1,186,야영
358,대구,화원유원지,4.2,703,
359,대구,군위 아미타여래삼존 석굴,4.2,800,불교
360,대구,가산산성,4.3,410,사적 및 야영
361,대구,방천시장,4.0,873,예술
362,대구,망우당공원(忘憂堂公園),4.1,460,공원
363,대구,향촌문화관,4.4,736,박물관
364,대구,대한불교조계종 선본사(禪本寺),4.4,478,불교 및 사원
365,대구,고산골 공룡공원,4.2,2050,공원
366,대구,아르떼 수성랜드,4.0,1267,"놀이기구, 게임, 스케이트장이 있는 놀이공원"
367,대구,도동 측백나무 숲,4.0,323,자연
368,대구,천주교 대구대교구,5.0,2,건축
369,대구,봉산문화회관,4.2,502,"예술, 뮤지컬 및 연극"
370,대구,이상화고택,4.2,424,
371,대구,앞산 빨래터공원,4.2,828,공원
372,대구,대한불교조계종 대견사(大見寺),4.4,734,불교
373,대구,침산공원,4.3,330,공원
374,대구,수성유원지,4.8,9,공원
375,대구,은해사 거조암 영산전,4.6,237,불교
376,대구,앞산해넘이전망대,4.3,24,
377,대구,대구 달성,0,0,
378,대구,와룡산,4.3,52,
379,대구,봉무나비생태원,4.4,178,
380,대구,성 베네딕도회 왜관 수도원,4.7,258,수도원 및 대수도원
381,대구,송림사(松林寺),4.4,524,사원 및 불교
382,대구,에코테마파크대구숲,3.6,167,공원
383,대구,대구방짜유기박물관,4.1,317,박물관
384,대구,달성 하목정,4.0,223,
385,대구,옻골마을,4.4,86,기념건축물
386,대구,용연사(龍淵寺),4.4,493,불교 및 사원
387,대구,가산,4.6,20,
388,대구,2·28기념중앙공원,4.2,2667,공원
389,대구,성암산,4.5,40,
390,대구,하중도 유채꽃단지,4.2,520,
391,대구,청라언덕,4.4,1013,건축 및 역사
392,대구,대견봉,4.5,2,
393,대구,서상돈고택,4.3,47,역사
394,대구,경북대학교 박물관,4.1,83,박물관
395,대구,이현공원(梨峴公園),4.4,192,공원
396,대구,팔공산 수태골,4.2,335,단풍
397,대구,달성토성(達城土城),4.4,9,
398,울산,대왕암공원,4.6,4824,암석 지형이 있는 해변 공원
399,울산,태화강 국가정원,4.6,5020,웅장한 정원과 대나무 숲
400,울산,간절곶(艮絶串),4.6,488,한반도의 일출 명소
401,울산,장생포 고래박물관,4.1,4035,포경 역사에 관해 다루는 어린이 동반 가능한 박물관
402,울산,울산대공원,4.6,3344,산책로와 놀이터
403,울산,일산해수욕장,4.3,3501,해변
404,울산,태화강,4.0,33,도심 속 강과 수변 공원
405,울산,울산박물관,4.3,555,박물관
406,울산,대한불교조계종 석남사(石南寺),4.4,1042,"단풍, 불교 및 사원"
407,울산,신불산,4.5,199,억새밭 전망의 산봉우리
408,울산,울주 대곡리 반구대 암각화,4.3,665,약 200개의 바위 조각품 컬렉션
409,울산,태화강 십리 대숲,4.6,1387,숲 및 정원
410,울산,재약산,4.3,103,"등산, 습지, 늪 및 산"
411,울산,밀양 얼음골,4.2,176,야영 및 자연
412,울산,장생포 고래문화마을,4.3,2124,고래
413,울산,간월재,4.6,2691,등산 및 단풍
414,울산,진하해수욕장,4.2,86,수영과 윈드서핑을 즐길 수 있는 해변
415,울산,통도환타지아,4.1,761,놀이공원 및 워터파크
416,울산,운문사,4.5,2785,6세기 불교 사원 단지
417,울산,간월산,4.3,116,등산 및 산
418,울산,가지산,4.4,65,험준한 등산로가 있는 숲이 우거진 봉우리
419,울산,울산대교 전망대,4.3,1943,
420,울산,영축산,4.5,31,"등산, 불교 및 산"
421,울산,자수정 동굴나라,3.9,3957,동굴
422,울산,운문산,4.4,29,6세기 절이 있는 등산 명소
423,울산,슬도,4.6,21,
424,울산,파래소폭포,4.4,340,야영 및 자연
425,울산,장안사,4.3,1409,사원 및 단풍
426,울산,천황산,4.5,37,등산 및 산
427,울산,선암호수공원,4.5,1038,공원
428,울산,고래생태체험관,4.2,105,"고래, 돌고래, 박물관 및 고래 관광"
429,울산,외고산 옹기마을,4.1,891,
430,울산,장생포고래문화특구,4.5,2,고래
431,울산,슬도등대,4.3,431,등대
432,울산,작천정계곡,4.4,331,야영
433,울산,대운산자연휴양림,4.3,648,야영 및 자연
434,울산,울산시립미술관,4.3,177,미술관 및 예술
435,울산,아쿠아환타지아,4.0,1090,워터파크
436,울산,영남알프스,3.7,6,
437,울산,간절곶등대,4.5,272,등대
438,울산,울산암각화박물관,4.4,523,박물관
439,울산,울산왜성,4.0,80,성 및 역사
440,울산,울기등대,4.3,359,등대 및 공원
441,울산,은하수길,4.6,848,
442,울산,주전해변,4.5,44,해변
443,울산,능동산,4.0,30,산
444,울산,영남알프스 얼음골케이블카 하부승강장,4.1,2054,
445,울산,서생포 왜성,4.1,189,성 및 역사
446,울산,대운산,4.3,40,"등산, 야영, 자연 및 산"
447,울산,태화루,4.3,1078,
448,울산,울산대곡박물관,4.3,128,박물관
449,울산,배내봉,4.3,109,
450,울산,울주 천전리 각석,4.6,135,선사 시대 및 유적
451,울산,고헌산,4.1,15,등산 및 산
452,울산,간절곶 소망우체통,4.4,1704,
453,울산,울산대교,4.3,61,
454,울산,선바위,4.4,93,
455,울산,내원암,4.3,186,
456,울산,운문산자연휴양림관리사무소,4.4,433,야영
457,울산,정자해수욕장,4.1,57,해변
458,울산,대왕암 출렁다리,4.5,195,
459,울산,울산문화예술회관,4.4,1058,"예술, 음악회, 연극 및 공연 예술"
460,울산,신불산군립공원,4.8,9,공원 및 야영
461,울산,진하 해수욕장,4.2,1505,윈드서핑
462,울산,함월루,4.5,547,
463,울산,함월산,0,0,
464,울산,나사리해수욕장,4.3,39,해변
465,울산,쇠점골,4.5,40,단풍
466,울산,태화강동굴피아,3.8,706,
467,울산,학성공원,4.0,556,공원
468,울산,오천평반석,4.4,45,
469,울산,운문령,4.0,7,
470,울산,신명해변,3.9,18,해변
471,울산,언양읍성,4.1,96,사적
472,울산,명선도,4.2,59,
473,울산,명선교,4.2,585,
474,울산,입화산,3.9,12,야영
475,울산,몽돌해수욕장,4.5,1033,야영
476,울산,문수산,4.4,67,"등산, 등반 및 산"
477,울산,궁거랑,4.2,50,
478,울산,울산옹기박물관,4.6,47,
479,울산,관성해수욕장,4.0,37,야영 및 해변
480,울산,사자평고원 억새밭,4.2,36,
481,울산,층층폭포,4.5,156,
482,울산,송정박상진호수공원,4.5,816,공원
483,울산,홍류폭포,4.1,355,
484,울산,영남알프스 복합웰컴센터,4.4,1249,자연
485,울산,십리대밭교,4.5,366,
486,울산,울산대공원 장미원,0,0,
487,울산,주전어촌체험마을,4.1,9,
488,울산,태화강전망대,4.2,691,
489,울산,당사해양낚시공원,3.8,231,야영
490,울산,무거천 벚꽃길,4.5,194,
491,울산,Yeomposan,4.2,36,산
492,울산,대왕별아이누리,4.3,466,놀이공원 및 공원
493,울산,울산대공원 동물원,4.5,277,동물원
494,울산,장생포 모노레일,4.3,15,
495,울산,강양항일출포인트,4.2,313,
496,울산,강동해변,4.4,29,해변
497,부산,해운대해수욕장,4.5,1332,수영과 도시 전망을 즐길 수 있는 번화한 해변
498,부산,해동용궁사,4.4,17137,해안가의 14세기 불교 사찰
499,부산,감천문화마을,4.3,21527,다채로운 주택과 예술을 즐길 수 있는 독특한 마을
500,부산,자갈치시장,4.0,21168,한국 최대의 해산물 시장
501,부산,광안리해수욕장,4.6,762,티키 파라솔이 늘어선 다리 전망의 해변
502,부산,"태종대리조트파크, 부산",4.3,4365,해변 전망대가 있는 고지대 공원
503,부산,광안대교,4.5,579,7km에 걸친 현대적인 다리
504,부산,범어사,4.6,2923,"1,300년 된 불교 사찰"
505,부산,다이아몬드타워 (부산타워),4.2,6352,전망대가 있는 높은 타워
506,부산,국제시장,4.1,11206,길거리 음식 및 가정용품을 판매하는 분주한 시장
507,부산,송도해수욕장,4.3,262,케이블카와 구름다리가 있는 오랜 명소
508,부산,오륙도 스카이워크,4.2,9037,바다 풍경을 내려다볼 수 있는 유리 다리
509,부산,동백섬,4.5,214,공원이 있는 아름다운 반도
510,부산,씨라이프 부산 아쿠아리움(SEA LIFE BUSAN),4.2,7327,"수족관, 펭귄, 거북 및 수달"
511,부산,용두산공원,4.3,4626,전망대가 있는 산악 공원
512,부산,BIFF광장,4.1,15817,극장과 길거리 음식으로 유명한 활기 넘치는 지역
513,부산,부산시립미술관,4.3,2035,조각 정원이 있는 현대 미술관
514,부산,스파랜드 신세계백화점 센텀시티점,4.5,2426,온천
515,부산,재한유엔기념공원,4.7,150,한국 전쟁 기념 묘지
516,부산,롯데워터파크 김해,4.1,4707,"슬라이드, 수영장 등이 있는 대규모 공간"
517,부산,부산시민공원,4.5,7421,옛 미군 기지에 자리한 도심 공원
518,부산,청사포 다릿돌전망대,4.3,3491,경치가 멋진 부두와 전망대
519,부산,센텀시티 일반산업단지,4.2,633,쇼핑과 레크리에이션을 위한 대규모 단지
520,부산,롯데월드 어드벤처 부산,3.8,977,"놀이기구, 롤러코스터, 공원 및 놀이공원"
521,부산,송도해상케이블카 송도베이스테이션,4.3,14114,유리 바닥으로 된 케이블카
522,부산,이기대,4.5,725,바위 해안을 따라 산책할 수 있는 공원
523,부산,부평깡통시장,4.1,15664,길거리 음식 가판대가 있는 활기찬 분위기의 시장
524,부산,금정산,4.6,89,4개의 주요 봉우리가 있는 경치 좋은 산
525,부산,국립해양박물관,4.3,4596,해양 전시와 터널형 수족관
526,부산,오륙도,4.5,139,아름다운 바다 풍경의 바위섬
527,부산,송정해수욕장,4.8,13,
528,부산,부산항대교,4.5,118,조명 쇼와 항구 전망을 즐길 수 있는 다리
529,부산,다대포해수욕장,4.3,1565,해변
530,부산,삼락생태공원,4.3,1864,"새, 산책로, 스포츠 시설"
531,부산,간절곶(艮絶串),4.6,488,한반도의 일출 명소
532,부산,전포 카페거리,4.2,1410,신선한 커피와 식사를 판매하는 트렌디한 카페
533,부산,부산현대미술관,4.3,2078,"미술관, 예술 및 박물관"
534,부산,황령산,4.6,68,카페와 반짝이는 타워가 있는 산
535,부산,민락수변공원,4.2,5786,멋진 경관과 피크닉 장소를 갖춘 수변 공원
536,부산,해운대 블루라인파크,4.2,186,해변
537,부산,다대포해수욕장,4.4,218,일몰과 근처 공원으로 유명한 해변
538,부산,흰여울문화마을,4.3,5518,해안 산책로가 있는 전원풍 지역
539,부산,송정해수욕장,4.4,233,서핑 애호가들에게 인기 있는 넓은 모래사장
540,부산,부산박물관,4.3,1546,부산의 역사 및 문화 박물관
541,부산,송도구름산책로,4.4,5481,바다를 보며 걸을 수 있는 현대적인 해변 스카이워크
542,부산,복천박물관,4.3,473,박물관
543,부산,드림오픈세트장 죽성성당,4.3,227,
544,부산,대저생태공원,4.2,1683,조류 관찰과 형형색색의 계절 꽃
545,부산,장산,4.4,63,정상 풍경이 멋진 작은 산
546,부산,금정산성 북문,4.4,975,산책로와 전망을 즐길 수 있는 산성
547,부산,낙동강하구 에코센터,4.4,871,"습지, 공원, 철새 및 자연"
548,부산,이우환 공간,4.7,19,미술관 및 예술
549,부산,온천천,4.4,347,강
550,부산,대한불교조계종 석불사,4.5,333,조각이 새겨진 절벽 옆 사원
551,부산,아홉산숲,4.0,4256,숲
552,부산,부산 엑스더스카이,4.3,349,
553,부산,허심청 온천탕,4.3,3312,식당을 갖춘 대형 온천 스파
554,부산,금강공원,4.4,624,공원
555,부산,해운대달맞이길,5.0,2,
556,부산,해운대 전통시장,4.1,2002,시장
557,부산,어린이대공원,4.5,1748,동물원 및 공원
558,부산,국립부산과학관,4.5,1938,과학관 및 어린이 박물관
559,부산,김해가야테마파크,4.1,2941,고대 문화를 주제로 한 놀이 마을
560,부산,롯데워터파크,3.0,2,워터파크
561,부산,부산영화체험박물관,4.2,708,박물관
562,부산,초량 이바구길,4.2,799,가파른 모노레일이 있는 예스러운 골목길
563,부산,부산요트투어,4.6,15,
564,부산,을숙도,4.1,28,"공원, 철새, 습지 및 탐조"
565,부산,보수동책방골목,4.1,3207,서점이 늘어선 좁은 골목
566,부산,국립김해박물관,4.3,1410,가야 문화를 보여주는 박물관
567,부산,영도대교,4.4,540,매일 도개 시간을 운영하는 명소인 다리
568,부산,미포,4.5,68,
569,부산,암남공원,4.4,498,공원
570,부산,동래읍성지,4.3,387,성지와 박물관이 있는 고대 유적 단지
571,부산,기장시장,3.9,7182,해산물로 유명한 활기찬 시장
572,부산,세븐럭카지노 부산 롯데점,3.9,650,테이블과 슬롯머신이 있는 호텔 카지노
573,부산,고은사진미술관,4.3,259,"미술관, 박물관 및 예술"
574,부산,부전시장,4.1,6004,농수산물과 육류를 판매하는 인기 시장
575,부산,부산근대역사관,4.2,986,부산 역사 전시
576,부산,송도 용궁구름다리,4.2,530,
577,부산,다대포 꿈의 낙조분수,4.4,4005,음악과 함께 하는 조명 분수 쇼
578,부산,부산대교,4.4,195,
579,부산,트릭아이뮤지엄 부산,4.1,488,착시 효과를 체험할 수 있는 체험형 예술 박물관
580,부산,삼광사,4.7,20,
581,부산,F1963,4.4,3285,예술 및 건축
582,부산,산복도로,5.0,3,
583,부산,영도등대,4.4,1605,등대
584,부산,충렬사,4.5,47,사망한 군사들을 기리는 16세기 사당
585,부산,렛츠런파크 부산경남,4.1,240,경마용 대형 경마장
586,부산,깡깡이 예술마을,3.8,249,
587,부산,부산해양자연사박물관,4.4,734,"박물관, 박물학 및 과학관"
588,부산,수로왕릉,4.3,1216,"무덤, 유적, 역사 및 사적"
589,부산,아미산 전망대,4.4,1093,
590,부산,임랑해수욕장,4.2,69,캠핑 장소가 있는 아담한 모래 해변
591,부산,Johyun Gallery,4.5,45,미술관 및 예술
592,부산,대한불교천태종 삼광사,4.5,1163,불교 및 사원
593,부산,부산진성,4.1,77,전통적인 구조의 역사적인 요새
594,부산,오륙도 해맞이공원,4.3,779,공원
595,부산,매미성,4.0,3699,성
596,광주,무등산,4.5,102,정상 입산 제한이 있는 산
597,광주,무등산 국립공원,4.5,1192,공원 및 산
598,광주,광주광역시립미술관,4.3,885,미술관 및 예술
599,광주,1913 송정역시장,3.9,4239,세련된 상점과 멋진 식사 공간
600,광주,소쇄원 (瀟灑園),4.1,2490,자연과 조화를 이루는 유서 깊은 장소
601,광주,국립광주박물관,4.3,1104,역사적인 유물 전시
602,광주,광주패밀리랜드,4.2,439,"놀이공원, 동물원 및 야영"
603,광주,펭귄마을,4.0,1191,
604,광주,국립아시아문화전당,4.6,341,"전시, 쇼가 열리는 예술 중심지"
605,광주,5·18기념공원,4.4,609,공원
606,광주,무등산 서석대,4.6,581,등산 및 자연
607,광주,국립광주과학관,4.4,1782,"과학관, 박물관 및 어린이 박물관"
608,광주,원효사,4.4,464,사원
609,광주,무등산 입석대,4.5,306,자연
610,광주,광주호 호수생태원,4.4,2361,공원
611,광주,장애인문화관광센터,4.8,4,
612,광주,세량지,4.3,271,
613,광주,풍암 호수공원,4.4,1901,공원
614,광주,우치공원동물원,4.3,1184,동물원 및 공원
615,광주,광주호,3.4,7,"공원, 호수 및 자연"
616,광주,만연산,4.2,67,
617,광주,의재미술관,4.0,108,"미술관, 건축, 예술 및 박물관"
618,광주,광주광역시 우치공원,4.2,283,"공원, 동물원, 호랑이, 파충류 및 기린"
619,광주,사직전망타워,4.3,808,공원
620,광주,대인시장,3.9,1219,예술
621,광주,무등산 지산유원지,3.9,946,
622,광주,담양 식영정,4.2,239,
623,광주,장성 필암서원,4.2,295,
624,광주,양림동 역사문화마을,4.3,7,
625,광주,무등산 증심사 템플스테이,4.5,11,사원
626,광주,나주읍성,4.2,41,사적 및 역사
627,광주,세량제,3.9,81,저수지
628,광주,광풍각 (光風閣),3.6,11,
629,광주,환벽당,4.2,20,
630,광주,금성산,5.0,4,
631,광주,규봉암,4.7,216,사원
632,광주,영산포 홍어거리,3.9,481,
633,광주,역사문화공원,4.0,123,역사 및 공원
634,광주,안양산,4.2,13,자연
635,광주,화순적벽 자연보호구역,3.5,191,
636,광주,쌍암공원,4.5,1249,공원
637,광주,화순 아쿠아나 금호리조트,3.9,923,워터파크 및 온천
638,광주,전일빌딩245,4.7,404,
639,광주,광주가톨릭박물관,4.3,9,성당
640,광주,광주역사민속박물관,4.3,350,지역 문화를 기리는 대형 박물관
641,광주,홍길동테마파크,4.0,426,"야영, 놀이공원 및 공원"
642,광주,나주 목사내아 금학헌,4.6,37,
643,광주,빛가람전망대,4.3,1514,
644,광주,빛가람호수공원,4.5,679,공원
645,광주,증심사,4.3,516,사원
646,광주,황룡강 생태공원,4.2,22,공원
647,광주,무등산편백자연휴양림,3.8,271,자연
648,광주,우제길미술관,3.4,54,"미술관, 예술 및 박물관"
649,광주,광주읍성유허,4.3,10,건축
650,광주,우일선 선교사 사택,4.4,171,
651,광주,송산유원지,4.0,635,
652,광주,어등산,4.4,19,
653,광주,무등산,4.1,7,
654,광주,광주 예술의거리,4.1,123,
655,광주,5.18자유공원,4.5,377,공원
656,광주,광주시립미술관 하정웅미술관,4.3,190,미술관 및 예술
657,광주,이강하미술관,4.3,27,"미술관, 예술 및 박물관"
658,광주,나한산 만연사(羅漢山 萬淵寺),4.4,183,사원
659,광주,무각사,4.3,395,사원 및 불교
660,광주,청춘발산마을,3.7,340,
661,광주,나주 금성관,4.2,493,
662,광주,월봉서원,4.5,137,
663,광주,원효계곡,4.4,24,
664,광주,운천저수지,4.2,1573,
665,광주,5.18 민주광장,4.6,557,역사적인 봉기가 일어난 장소
666,광주,광주비엔날레,4.3,175,박물관
667,광주,무돌길,5.0,1,
668,광주,이장우 가옥,4.3,56,건축
669,광주,동구리 호수공원,4.5,184,공원
670,광주,나주목 관아와 향교,0,0,
671,광주,영산포 황포돛배(Yeongsan River Hwangpo Dotbae),4.2,30,
672,광주,중앙공원,3.9,17,공원
673,광주,드들강솔밭유원지,4.1,632,야영
674,광주,ACC 하늘마당,4.5,540,
675,광주,한국미용박물관,4.0,17,박물관
676,광주,광주호호수생태원,4.9,7,
677,광주,한수제,4.4,10,
678,광주,무등산 옛길 2구간 : 원효사~서석대,3.8,5,
679,광주,운천저수지,4.0,4,저수지
680,광주,광주김치타운,4.1,193,박물관
681,광주,서성문(영금문),3.9,45,
682,광주,월계동 장고분,4.0,123,무덤 및 유적
683,광주,무등현대미술관,4.0,59,미술관 및 예술
684,광주,나주배박물관,3.9,55,박물관
685,광주,새인봉,4.5,20,
686,광주,최승효 가옥,4.6,9,
687,광주,광주 포충사,4.4,331,
688,광주,광주 신창동 유적,4.2,18,"유적, 철기 시대, 건축 및 사적"
689,광주,오웬기념각,4.0,30,
690,광주,광주어린이대공원,4.2,315,
691,광주,한희원미술관,4.3,59,"미술관, 예술 및 박물관"
692,광주,수완호수공원,4.1,460,공원
693,광주,광주 만귀정,4.3,91,
694,광주,금당산,4.5,44,자연
695,경기도,에버랜드,4.5,1270,"동물원, 놀이 기구, 의상이 돋보이는 퍼레이드"
696,경기도,경기도 수원화성,4.6,7142,1700년대 성벽과 48개의 구조물
697,경기도,아침고요수목원,4.4,14471,고요한 분위기의 경치 좋은 곳
698,경기도,한국민속촌,4.3,13893,한국 전통 가옥 & 테마파크
699,경기도,쁘띠프랑스,3.9,4434,프랑스를 테마로 한 공원 및 문화 마을
700,경기도,캐리비안베이,4.3,7607,모든 연령대를 위한 어트랙션이 있는 워터파크
701,경기도,서울대공원,4.4,11460,동물원 및 전시관이 있는 엔터테인먼트 지역
702,경기도,서울랜드,4.3,12086,한국 최초 테마파크로 1988년에 개장
703,경기도,남한산성 전승문,4.3,1938,유서 깊은 군사 도시의 석문
704,경기도,헤이리 예술마을,3.9,7357,창의적인 예술가 공동체
705,경기도,화성행궁,4.4,10980,방문자 센터가 있는 1789년 요새 궁전
706,경기도,T익스프레스,4.8,711,2008년 개장한 초대형 목제 롤러코스터
707,경기도,일산호수공원,4.5,5626,"산책, 예술, 이벤트를 즐길 수 있는 호숫가 공원"
708,경기도,관악산,4.5,326,사찰이 있는 산
709,경기도,광명동굴,4.3,11310,조명 쇼와 와인을 즐기기 좋은 유서 깊은 동굴
710,경기도,에버랜드,4.4,55259,세계 각국의 요리를 선보이는 레스토랑과 기념품 가게
711,경기도,포천 허브아일랜드,4.1,5884,간이 식당 및 기념품 가게가 있는 테마파크
712,경기도,베어스타운 스키장,3.9,975,스키와 집라인을 일 년 내내 즐길 수 있는 리조트
713,경기도,지산포레스트리조트,4.2,3393,"스키장, 스키, 스노보드 및 겨울 스포츠"
714,경기도,국립수목원,4.5,1551,숲 박물관이 있는 국립 수목원
715,경기도,포천아트밸리,4.1,1273,옛 채석장에 있는 예술 공간 및 공원
716,경기도,용인대장금파크,4.3,999,다양한 건축물이 있는 야외 영화 세트장
717,경기도,팔달문,4.4,5182,18세기 성곽의 대형 문
718,경기도,아차산,4.4,293,도시가 보이고 둘레길이 있는 산
719,경기도,제부도,4.1,160,방문객에게 유명한 작은 섬
720,경기도,광교호수공원,4.6,5557,산책로와 숲이 있는 호숫가 공원
721,경기도,국립과천과학관,4.5,7773,현대적 공간의 인터랙티브 전시관
722,경기도,원마운트,3.8,7296,겨울과 여름 액티비티를 모두 즐길 수 있는 테마파크
723,경기도,도라전망대,4.4,3009,북한을 바라보는 관측소
724,경기도,호암미술관,4.5,1734,테마파크 속 한국화 미술관
725,경기도,세미원,4.1,4099,연꽃과 연못이 있는 고즈넉한 정원
726,경기도,수락산,4.4,328,사찰과 폭포가 있는 아름다운 산
727,경기도,두물머리,4.3,8778,강이 만나는 아름다운 곳
728,경기도,청계산,4.3,175,"등산, 박물관, 테마파크"
729,경기도,안양예술공원,4.2,3779,정자와 조각상이 있는 공원
730,경기도,두물머리,4.5,301,자연
731,경기도,오두산통일전망대,4.3,3531,역사적인 전시물 및 멋진 전망
732,경기도,자라섬,4.4,134,넓은 서핑 공원이 있는 섬
733,경기도,백남준아트센터,4.2,887,예술
734,경기도,해우재 똥 박물관,4.1,1429,재미있는 전시품이 있는 화장실 테마 박물관
735,경기도,종합행사장,4.2,595,놀이공원
736,경기도,북한산성,4.5,797,1711년에 완공되어 오랜 시간 명성을 쌓아온 요새
737,경기도,국립현대미술관 과천,4.4,2701,세련된 현대 미술관 및 정원
738,경기도,청평호,4.5,19,보트 등을 즐길 수 있는 아름다운 호수
739,경기도,비둘기낭 폭포,4.3,3492,"폭포, 협곡, 자연, 야영 및 공원"
740,경기도,아쿠아플라넷 일산,4.2,4351,다이빙 공연이 있는 대형 수족관
741,경기도,화홍문,4.6,1663,1700년대 성곽의 다리와 수문
742,경기도,시흥갯골생태공원,4.4,5983,전망대가 있는 강변의 보호구역
743,경기도,방화수류정,4.7,2444,건축
744,경기도,행주산성,4.3,3537,공원 산책로가 있는 언덕 위 요새
745,경기도,용문산 용문사,4.4,1961,수백 년 된 은행나무와 등산로가 있는 절
746,경기도,융릉과건릉,4.5,1879,"무덤, 역사 및 사적"
747,경기도,화담숲,4.5,12223,가을 단풍이 유명한 수목원
748,경기도,웅진플레이도시,4.0,5364,실내 스키 & 워터파크
749,경기도,서울동물원,4.5,1494,동물원
750,경기도,경기도미술관,4.3,611,"미술관, 건축, 조각, 예술 및 박물관"
751,경기도,불암산,4.5,107,"등산, 등반 및 산"
752,경기도,유명산,4.1,115,등산과 캠핑을 할 수 있는 울창한 산
753,경기도,벽초지수목원,4.0,3170,조경이 잘 된 정원이 있는 삼림 공원
754,경기도,동구릉,4.4,221,"무덤, 사적 및 역사"
755,경기도,화서문,4.6,1263,
756,경기도,한국만화박물관,4.2,1832,박물관
757,경기도,산정호수,4.1,201,산에 둘러싸인 유명한 호수
758,경기도,에델바이스 스위스테마파크,3.5,1554,스위스 산악마을을 구현한 테마파크
759,경기도,명지계곡,4.1,386,야영
760,경기도,프로방스 마을,3.9,7298,상점이 있는 지중해 테마의 마을
761,경기도,마장호수,4.4,202,야영 및 호수
762,경기도,용추계곡,4.2,302,야영
763,경기도,유명산 자연휴양림,4.4,1888,야영 및 자연
764,경기도,대한불교조계종 연주대,4.6,129,"등산, 사원, 등반 및 산"
765,경기도,장릉,4.5,395,무덤
766,경기도,백운계곡,4.2,892,야영 및 호수
767,경기도,남양주 광릉,4.3,338,"무덤, 숲, 사적 및 자연"
768,경기도,가평레일파크,4.3,1706,사용하지 않는 철로를 따라 달리는 레일 바이크
769,경기도,율동공원,4.6,3154,호숫가 산책로와 번지점프대
770,경기도,감악산,4.2,320,숲속 탐방과 긴 현수교
771,경기도,수원화성박물관,4.3,1412,18세기 요새에서 발견된 유물
772,경기도,용문산,4.3,106,"등산, 절, 전망으로 유명한 산"
773,경기도,탄도항,4.2,1863,
774,경기도,삼성화재 교통박물관,4.3,1587,유서 깊은 차량 및 체험형 전시
775,경기도,광교산,4.4,88,정상석과 탁 트인 전망이 있는 산
776,경기도,월화원,4.8,13,공원
777,경기도,장안문,4.5,1637,1700년대에 세운 방어용 성곽의 출입문
778,경기도,전곡선사박물관,4.4,1194,"박물관, 구석기 시대, 선사 시대, 유적 및 건축"
779,경기도,미메시스 아트 뮤지엄,4.3,660,"미술관, 건축, 박물관 및 예술"
780,경기도,나리공원,3.9,2237,핑크뮬리와 꽃이 가득한 공원
781,경기도,북한산국립공원 송추계곡,4.3,829,야영
782,경기도,효종 영릉(寧陵),4.5,340,무덤 및 사적
783,경기도,양주시립 장욱진미술관,4.3,568,"미술관, 예술 및 박물관"
784,경기도,철도박물관,4.1,1730,박물관
785,경기도,와우정사(臥牛精舍),4.2,2751,불교 및 사원
786,경기도,일영유원지,3.7,221,야영
787,경기도,가평빠지,4.9,14,
788,경기도,봉선사,4.4,2294,불교 및 사원
789,경기도,산사원,4.4,1070,박물관
790,경기도,창룡문,4.6,777,
791,경기도,시화방조제,4.3,3536,낚시
792,경기도,달전망대,4.2,4609,
793,경기도,동장대 (연무대),4.4,2297,궁술
794,강원도,남이섬,4.4,31717,예술 및 문화 행사가 있는 푸르른 섬
795,강원도,설악산국립공원,4.4,1014,하이킹 코스 & 야생동물이 있는 국립공원
796,강원도,설악산,4.6,324,동식물 생태계가 풍부한 우뚝 솟은 봉우리
797,강원도,휘닉스 평창,3.7,55,"스키장, 워터파크, 스노보드, 스키 및 골프"
798,강원도,하이원스키장,4.5,3759,슬로프 18개가 있는 대규모 스키 리조트
799,강원도,엘리시안 강촌 스키장,4.3,257,스키장과 골프 클럽이 있는 리조트
800,강원도,강촌레일파크 김유정레일바이크,4.4,4511,철도 트랙 위의 경치 좋은 바이크 투어
801,강원도,오션월드,4.3,6092,슬라이드와 수영장이 있는 대규모 워터파크
802,강원도,경포해변,4.4,8167,넓고 부산한 모래 해변
803,강원도,오대산국립공원,4.4,342,산과 등산로가 있는 경치 좋은 지역
804,강원도,경포대,4.5,1383,전통적인 부속 건물과 유서 깊은 옛 기록
805,강원도,뮤지엄 산,4.5,4317,숲이 우거진 산 속 현대 미술관
806,강원도,하슬라아트월드,4.3,3249,"해변 박물관, 호텔, 조각 공원"
807,강원도,낙산사,4.5,9308,"1,300년 이상의 역사를 간직한 사원"
808,강원도,월정사,4.4,2487,"불교 사찰, 탑, 보물"
809,강원도,대관령양떼목장,4.2,4592,아름다운 양 농장 산책
810,강원도,오죽헌,4.3,9208,박물관이 있는 유학자의 옛 거주지
811,강원도,설악산 신흥사,4.1,2696,청동 불상이 있는 산 속의 사찰
812,강원도,웰리힐리파크 스키장,4.4,89,"스키 리조트, 워터파크, 등산로"
813,강원도,레고랜드 코리아 리조트,3.9,1058,"놀이공원, 유적 및 놀이기구"
814,강원도,낙산해수욕장,4.3,3434,카페와 식당이 늘어선 모래 해변
815,강원도,주문진해수욕장,4.0,28,느긋하게 쉬기 좋은 소박한 해변
816,강원도,서피비치,4.3,4018,서핑 및 해변
817,강원도,정동진해변,4.2,4069,독특한 외관의 호텔이 있고 새해 해돋이 명소인 해변
818,강원도,태백산,4.4,92,산맥과 국립공원
819,강원도,한화리조트 설악워터피아,4.2,3161,일 년 내내 운영하는 워터파크 및 온천 스파
820,강원도,오대산,4.4,66,등산을 즐기기 좋은 큰 숲이 있는 산
821,강원도,강릉 선교장,4.3,2238,현재는 박물관으로 사용되는 18세기 양반의 고택
822,강원도,강릉중앙시장,4.0,13816,
823,강원도,원대리 자작나무 숲,4.3,1956,등산로가 있는 흰 자작나무 숲
824,강원도,고성통일전망타워,4.2,6046,북한을 볼 수 있는 전망대
825,강원도,속초해변,4.3,7456,수영과 조개껍질 수집
826,강원도,해신당공원,4.0,1668,남근 예술작품과 민속 전통이 어우러진 곳
827,강원도,영금정,4.2,10263,바다가 내려다보이며 주변이 트여있는 정자
828,강원도,하조대,4.4,2943,
829,강원도,권금성,4.3,37,단풍 및 산
830,강원도,알파카월드,4.4,3486,알파카와 조류를 볼 수 있는 삼림 공원
831,강원도,설악산 울산바위,4.7,969,탁 트인 전망의 암석 봉우리
832,강원도,대관령,4.4,43,등산과 강릉 전망 감상에 좋은 고개
833,강원도,안목해변,4.2,10226,해변
834,강원도,제이드가든 수목원,4.2,3766,넓은 정원 & 카페
835,강원도,경포해변,4.4,253,수 km에 걸친 모래사장 곳곳에 조형물이 있는 해변
836,강원도,경포호,4.4,524,철새 도래지이자 일몰 명소인 호수
837,강원도,정선레일바이크,4.4,2450,페달을 밟아 철도를 달리며 감상하는 탁 트인 전망
838,강원도,설악산 케이블카,4.3,8773,케이블카를 타면 볼 수 있는 산성 유적지와 멋진 풍경
839,강원도,DMZ 박물관,4.3,3174,박물관
840,강원도,울산바위,4.8,71,등산로가 있는 유명한 암석 지대
841,강원도,백담사(百潭寺),4.3,2616,나무가 우거진 불교 사찰
842,강원도,소금산 출렁다리,4.1,6243,협곡 위의 긴 출렁다리
843,강원도,청평사,4.3,1433,정원에 둘러싸인 유서 깊은 사원
844,강원도,오션700,4.1,1638,"워터 슬라이드, 스릴 넘치는 놀이기구, 파도풀"
845,강원도,대관령 삼양목장,4.4,3718,자동차와 자전거를 탈 수 있는 아름다운 목장
846,강원도,묵호항,4.1,69,신선한 수산물 시장이 있는 도심 속 항구
847,강원도,치악산,4.6,56,계절에 따라 다양한 식물군을 볼 수 있는 등산 명소
848,강원도,강문해변,4.4,189,해변
849,강원도,정동심곡 바다부채길,0,0,
850,강원도,장호항,4.2,143,모래 해변이 있는 조용한 항구
851,강원도,강원랜드 카지노,3.4,5475,"카지노, 룰렛, 경마, 슬롯 머신 및 블랙잭"
852,강원도,고석정,4.3,3502,협곡 및 래프팅
853,강원도,소양강스카이워크,3.9,7812,호수 위의 투명한 유리 보도
854,강원도,안목해변,4.3,283,커피 거리가 있는 도심 해변
855,강원도,속초관광수산시장,4.0,23739,"해산물, 시장 및 쇼핑"
856,강원도,금강굴,4.3,89,동굴
857,강원도,별마로천문대,4.6,740,"패러글라이딩, 천체투영관, 야영 및 관측소"
858,강원도,망상 해수욕장,4.4,310,해변 및 야영
859,강원도,화진포,4.4,44,20세기 중반에 지은 별장들이 있는 석호
860,강원도,휴휴암,4.3,5185,사원
861,강원도,환선굴(幻仙窟),4.5,1488,종유석이 있는 거대한 석회동굴
862,강원도,남이섬,4.3,90,큰 나무들이 우거진 강섬
863,강원도,원주 구룡사,4.3,1240,사원
864,강원도,외옹치 바다향기로,4.4,2789,
865,강원도,송지호해수욕장,4.3,750,해변
866,강원도,모래시계공원,4.0,5319,공원
867,강원도,홍천 은행나무숲,3.7,843,단풍
868,강원도,엑스포타워,3.8,1724,
869,강원도,춘천 명동 닭갈비골목,3.8,3473,유명한 닭갈비 골목
870,강원도,삼척해양레일바이크 용화정거장,4.2,3552,
871,강원도,추암 촛대바위,4.4,8805,해변
872,강원도,하조대해수욕장,4.2,53,해변
873,강원도,사근진해변,4.3,32,해변
874,강원도,천불동 계곡,4.7,105,산책로와 폭포가 있는 가파른 계곡
875,강원도,델피노 오션플레이,4.1,234,워터파크
876,강원도,인구해변,4.1,48,"해변, 서핑 및 수상 스포츠"
877,강원도,추암해변,4.4,92,독특한 암석이 있는 고즈넉한 해변
878,강원도,허브나라농원,4.1,883,
879,강원도,삼탄아트마인 (Samtan Art Mine),3.9,598,광산 시설 사이에 전시된 예술품
880,강원도,사천해변,4.1,94,"해변, 서핑 및 야영"
881,강원도,애니메이션박물관,4.3,2591,애니메이션 및 로봇 전시
882,강원도,BTS 버스정류장,4.4,619,
883,강원도,월정사 전나무숲,4.4,50,숲 및 공원
884,강원도,대청봉,4.7,82,절경을 감상할 수 있는 등산 코스
885,강원도,속초등대,4.3,705,동해 전망의 절벽 위 등대
886,강원도,안반데기,4.4,332,
887,강원도,낙산해변,4.4,33,해변
888,강원도,청초호,4.5,40,호수 및 석호
889,강원도,삼척해변역,4.2,257,경치 좋은 해안 철도 정차역
890,강원도,간현관광지(소금산그랜드밸리),4.2,5268,야영
891,강원도,비룡폭포,4.5,206,폭포 & 유명한 하이킹 코스
892,충청북도,청주시,0,0,"미술관, 동물원 및 해산물"
893,충청북도,단양군,0,0,"패러글라이딩, 동굴, 구석기 시대, 단풍 및 등산"
894,충청북도,충주시,0,0,"온천, 무예, 유적, 야영 및 저수지"
895,충청북도,제천시,0,0,"저수지, 야영 및 음악"
896,충청북도,괴산군,0,0,"유기농, 저수지, 등산, 야영 및 단풍"
897,충청북도,옥천군,0,0,저수지
898,충청북도,진천군,0,0,"저수지, 유적 및 야영"
899,충청북도,영동군,0,0,"포도주, 야영, 산 및 와인 농장"
900,충청북도,보은군,0,0,"사원, 저수지, 불교, 야영 및 단풍"
901,충청북도,음성군,0,0,저수지
902,충청북도,증평군,0,0,공원
903,충청북도,법주사,4.4,3239,553년 승려가 창건한 절
904,충청북도,속리산국립공원,4.5,1058,사찰이 있는 외딴 산악 지역
905,충청북도,대한불교천태종 구인사,4.2,1883,"사원, 불교, 건축 및 단풍"
906,충청북도,도담삼봉,4.1,7775,강 한가운데에 우뚝 솟은 3개의 봉우리
907,충청북도,만천하스카이워크,4.3,2162,유리 바닥으로 된 미래지향적 느낌의 전망대
908,충청북도,고수동굴,4.2,4988,아름다운 자연 동굴 탐험
909,충청북도,청남대(靑南臺),4.3,3288,과거 대통령 별장과 호숫가 공원
910,충청북도,소백산,4.4,69,아름다운 능선길이 있는 산
911,충청북도,월악산,4.5,60,"월악산국립공원에 자리한 1,094m 높이의 산"
912,충청북도,충주호,4.3,25,산으로 둘러싸인 거대한 인공 호수
913,충청북도,월악산국립공원,4.5,17,숲이 우거진 산속 등산로와 희귀 야생 동물
914,충청북도,청주고인쇄박물관,4.3,571,박물관
915,충청북도,소백산국립공원,4.6,134,하이킹과 등산을 할 수 있는 드넓은 산악 지대
916,충청북도,국립현대미술관 청주,4.5,1050,"미술관, 예술 및 조각"
917,충청북도,의림지,4.3,3840,"저수지, 역사 및 자연"
918,충청북도,수암골,4.0,753,
919,충청북도,대청댐,0,0,콘크리트 중력 댐과 관광 안내소
920,충청북도,단양강 잔도길,4.3,1659,
921,충청북도,상당산성,4.5,2947,산성 옆 언덕 등산로
922,충청북도,하선암,4.2,154,야영
923,충청북도,국립청주박물관,4.4,1245,현지 역사와 문화 전시
924,충청북도,중앙탑사적공원,4.5,2181,공원
925,충청북도,수양개빛터널,4.0,1851,
926,충청북도,단양 다누리아쿠아리움,4.4,2096,수족관
927,충청북도,청풍호반 케이블카 물태리역,4.5,5252,
928,충청북도,화양구곡 (華陽九谷),4.3,470,야영
929,충청북도,쌍곡계곡,4.6,25,야영
930,충청북도,청풍랜드,4.1,1487,번지 점프
931,충청북도,미동산수목원,4.5,1032,과학관
932,충청북도,청풍문화재단지,4.2,1711,복원한 수몰 지역
933,충청북도,충주 탑평리 칠층석탑,4.6,324,공원
934,충청북도,활옥동굴,4.2,2569,
935,충청북도,온달관광지,4.0,1615,드라마
936,충청북도,사인암(舍人巖),4.3,2243,
937,충청북도,청주동물원,4.1,841,동물원 및 호랑이
938,충청북도,구담봉,4.4,66,
939,충청북도,청주시립미술관,4.3,205,미술관 및 예술
940,충청북도,탄금호,4.4,7,호수 및 야영
941,충청북도,진천농교,4.3,2467,
942,충청북도,옥순봉 출렁다리,4.2,443,
943,충청북도,온달동굴,4.3,234,"동굴, 자연 및 석순"
944,충청북도,충주호유람선,4.0,2520,
945,충청북도,충주 탄금대(彈琴臺),4.2,1520,공원 및 역사
946,충청북도,팔상전,4.5,47,불교 및 건축
947,충청북도,의림지,3.8,30,
948,충청북도,장태산,3.7,10,숲속 산책로가 있는 고지대
949,충청북도,단양구경시장,4.0,7114,
950,충청북도,장령산 자연휴양림,4.3,658,"단풍, 야영 및 자연"
951,충청북도,무심천체육공원,4.5,159,공원
952,충청북도,영동와인터널,4.2,500,포도주
953,충청북도,좌구산 휴양랜드 좌구산자연휴양림,4.4,632,야영
954,충청북도,금수산,4.3,101,나무가 울창하게 우거진 산
955,충청북도,비로봉,4.6,134,등산 및 산
956,충청북도,문의문화재단지,4.1,521,
957,충청북도,송계계곡,4.0,33,야영 및 공원
958,충청북도,조령산,4.2,63,등산
959,충청북도,삼년산성,4.3,121,성 및 역사
960,충청북도,덕주사,4.2,465,사원
961,충청북도,제비봉,4.4,50,등산
962,충청북도,덕동계곡,4.2,218,야영
963,충청북도,중선암,4.1,182,
964,충청북도,청풍호 관광 모노레일,4.6,120,
965,충청북도,옥화자연휴양림,4.3,264,야영
966,충청북도,능강계곡,4.1,582,
967,충청북도,석문 (石門),4.0,265,
968,충청북도,물한계곡,4.2,843,야영
969,충청북도,정이품송,4.3,413,
970,충청북도,옥순대교,4.2,266,
971,충청북도,온달산성,4.1,112,
972,충청북도,말티고개,4.4,40,
973,충청북도,옥순봉,4.3,76,호수가 보이는 아름다운 봉우리
974,충청북도,수주팔봉,4.4,37,야영
975,충청북도,장계관광지,3.8,353,
976,충청북도,월류봉,4.2,69,
977,충청북도,괴산자연드림파크,4.5,429,
978,충청북도,충주세계무술공원,3.9,2301,공원 및 무예
979,충청북도,용암사,4.4,187,사원
980,충청북도,보탑사,4.5,1176,사원 및 건축
981,충청북도,비봉산,4.5,75,패러글라이딩과 등산을 하기에 좋은 산
982,충청북도,쌍곡구곡 (雙谷九谷),4.2,100,
983,충청북도,괴산 선유동계곡,3.8,72,야영
984,충청북도,정방사,4.5,694,
985,충청북도,연화봉,4.6,17,
986,충청북도,수옥폭포,4.4,767,
987,충청북도,옥계폭포,4.2,405,폭포 및 자연
988,충청북도,남천계곡,4.4,53,야영
989,충청북도,부소담악(芙沼潭岳),4.0,81,
990,충청북도,황악산,4.0,24,등산 및 산
991,충청북도,천주교 원주교구 배론성지,4.6,961,단풍 및 역사
992,충청남도,대천해수욕장,4.4,348,다양한 간식을 파는 모래 해변
993,충청남도,공산성,4.5,1278,강 전망의 백제 시대 성곽
994,충청남도,안면도,4.3,80,자연 그대로의 해변이 있는 반도가 침수된 섬
995,충청남도,마곡사,4.4,2872,강과 산이 보이는 사찰
996,충청남도,독립기념관,4.6,8686,한국 역사 전시관 및 4D 극장
997,충청남도,천리포수목원,4.3,2058,바다 전망의 대형 수목원
998,충청남도,코리아플라워파크,3.8,1190,공원
999,충청남도,만리포해수욕장,4.3,156,편의시설이 있으며 수영을 할 수 있는 큰 해변
1000,충청남도,태안해안국립공원,4.3,151,"기암괴석, 갯벌, 해변"
1001,충청남도,무령왕릉,4.3,2279,언덕에 자리한 유명한 고대 왕릉
1002,충청남도,계룡산,4.5,78,등산을 할 수 있는 산과 국립공원
1003,충청남도,외암민속마을,4.1,3620,인공 수로 위의 초가집
1004,충청남도,꽃지해수욕장,4.2,223,일몰이 장관인 드넓은 해변
1005,충청남도,대한불교조계종 동학사(東鶴寺),4.2,1732,사찰과 학문 기관
1006,충청남도,백제문화단지,4.3,2978,재건된 성과 탑 단지
1007,충청남도,몽산포해수욕장,4.0,101,캠핑장이 있는 긴 모래 해변
1008,충청남도,안면도 자연휴양림,4.4,1697,자연
1009,충청남도,국립세종수목원,4.5,904,정원
1010,충청남도,계룡산국립공원,4.7,25,20개 봉우리가 있는 드넓은 자연 지역
1011,충청남도,국립공주박물관,4.3,2414,고대 지역 유물 소장품
1012,충청남도,각원사,4.5,1773,불교 및 사원
1013,충청남도,무창포해수욕장,4.2,65,해변
1014,충청남도,왜목마을,3.9,4309,일출 풍경과 공공 예술
1015,충청남도,수덕사,4.4,3366,복원된 불교 사찰
1016,충청남도,국립생태원,4.5,4165,생태계에 관한 실내 및 야외 전시
1017,충청남도,정림사지박물관,4.3,1382,"박물관, 불교, 유적, 역사 및 사적"
1018,충청남도,현충사,4.7,495,단풍
1019,충청남도,세종호수공원,4.5,3190,공원 및 호수
1020,충청남도,국립부여박물관,4.5,2647,백제 유물을 전시하는 고고학 박물관
1021,충청남도,청포대해수욕장,4.1,44,깨끗하고 백사장이 있는 국립공원 해변
1022,충청남도,베어트리 파크,4.4,2124,분재와 곰이 있는 정원
1023,충청남도,해미읍성,4.3,7083,잘 보존된 15세기 성
1024,충청남도,무창포해수욕장,4.4,304,해변
1025,충청남도,안면암,4.0,71,
1026,충청남도,오션어드벤처 천안,3.8,2468,어린이 동반이 가능한 실내 및 실외 워터파크
1027,충청남도,부소산성,4.4,18,유적 및 역사
1028,충청남도,태안 신두리 해안사구,4.3,2306,"사막, 습지, 해변 및 자연"
1029,충청남도,개화예술공원,4.1,2047,공원 및 예술
1030,충청남도,스플라스리솜,4.0,3382,워터파크 및 온천
1031,충청남도,송산리 고분군,4.0,291,"무덤, 유적, 역사 및 사적"
1032,충청남도,아라리오갤러리 천안,4.3,468,예술 및 미술관
1033,충청남도,상화원(尙和園),4.2,2970,정원
1034,충청남도,낙화암,4.7,21,
1035,충청남도,대천해수욕장,4.3,1985,해변
1036,충청남도,신두리해수욕장,4.4,899,해변 및 야영
1037,충청남도,원산도,4.1,26,낚시 및 야영
1038,충청남도,영인산자연휴양림,4.4,1627,야영 및 자연
1039,충청남도,할미할아비바위,4.3,251,
1040,충청남도,간월암,4.3,3185,불교 및 사원
1041,충청남도,정림사지 오층석탑,4.5,270,"불교, 유적, 역사, 사원 및 건축"
1042,충청남도,고란사,5.0,4,불교 및 사원
1043,충청남도,방포해수욕장,4.3,92,해변
1044,충청남도,춘장대해수욕장,4.1,71,캠핑을 할 수 있는 드넓은 모래 해변
1045,충청남도,개심사(開心寺),4.4,1706,불교 및 사원
1046,충청남도,삼봉해수욕장,4.3,24,수영과 피크닉을 즐기기 좋은 해변
1047,충청남도,밧개해수욕장,4.2,82,해변
1048,충청남도,삽시도,3.5,21,
1049,충청남도,예당호 출렁다리,4.3,520,
1050,충청남도,청산수목원,3.6,1924,정원
1051,충청남도,천리포해수욕장,4.2,43,풍경이 아름다운 넓은 백사장 해변
1052,충청남도,일주문(一柱門),5.0,1,"불교, 사원, 건축 및 단풍"
1053,충청남도,삽교호놀이동산,3.9,3392,놀이공원 및 공원
1054,충청남도,신정호,4.5,39,인기 산책로가 있는 호수
1055,충청남도,삽교호 관광지,3.9,2952,
1056,충청남도,지중해마을,3.4,3843,
1057,충청남도,안면도쥬라기박물관,3.8,1979,박물관 및 화석
1058,충청남도,칠갑산,4.4,86,등산로와 전망대가 있으며 숲이 우거진 산봉우리
1059,충청남도,탑정호 출렁다리,4.3,40,
1060,충청남도,성주산자연휴양림,4.4,767,"숲, 단풍, 야영 및 자연"
1061,충청남도,연포해수욕장,4.1,72,파도가 잔잔한 넓은 모래 해변
1062,충청남도,천장호 출렁다리,4.1,1149,
1063,충청남도,어은돌해수욕장,4.5,18,야영 및 해변
1064,충청남도,파도리해수욕장,4.3,35,야영 및 해변
1065,충청남도,장항스카이워크,4.2,2445,
1066,충청남도,사비궁,4.4,7,
1067,충청남도,대천해수욕장 스카이바이크,4.1,888,
1068,충청남도,삽교호함상공원,4.0,973,공원
1069,충청남도,신진도,4.1,19,낚시
1070,충청남도,아미미술관,4.0,1911,미술관 및 예술
1071,충청남도,신원사,4.5,654,불교 및 사원
1072,충청남도,세계꽃식물원,4.0,1967,온천 및 정원
1073,충청남도,연미산자연미술공원,4.2,600,"공원, 자연 및 예술"
1074,충청남도,돈암서원,4.3,312,역사
1075,충청남도,마검포해수욕장,4.2,58,야영 및 해변
1076,충청남도,부여군 사적관리소,4.1,123,"무덤, 유적, 역사 및 사적"
1077,충청남도,백사장해수욕장,4.4,29,해변
1078,충청남도,Oseosan,4.7,9,"등산, 자연, 야영 및 산"
1079,충청남도,삽교호,4.9,7,
1080,충청남도,안면도수목원,4.4,1015,정원
1081,충청남도,장항송림산림욕장,4.4,550,자연
1082,충청남도,천수만,4.0,163,"탐조, 자연 및 철새"
1083,충청남도,온양민속박물관,4.3,447,박물관
1084,충청남도,공주석장리구석기유적,4.3,434,구석기 시대 및 유적
1085,충청남도,부여 가림성(성흥산성),4.4,730,
1086,충청남도,적벽강,4.3,197,야영
1087,충청남도,간월도,4.3,40,굴
1088,충청남도,국립생태원 에코리움,4.7,1442,정원
1089,충청남도,태조산공원,4.2,1191,공원
1090,충청남도,머드광장,4.2,667,
1091,경상북도,경주시,0,0,불국사 및 석굴암
1092,경상북도,안동시,0,0,안동 민속박물관 및 하회 마을
1093,경상북도,포항시,0,0,"해산물, 등대, 미술관, 낚시 및 숲"
1094,경상북도,구미시,0,0,"시장, 과학관, 불교, 야영 및 공원"
1095,경상북도,문경시,0,0,"온천, 패러글라이딩, 야영, 드라마 및 단풍"
1096,경상북도,영주시,0,0,"불교, 사원 및 시장"
1097,경상북도,울진군,0,0,"온천, 숲, 마리나, 항만 및 동굴"
1098,경상북도,경산시,0,0,유적 및 저수지
1099,경상북도,상주시,0,0,"유적, 저수지, 박물관 및 야영"
1100,경상북도,영천시,0,0,"관측소, 시장, 저수지, 포도주 및 불교"
1101,경상북도,김천시,0,0,과학관 및 시장
1102,경상북도,영덕군,0,0,"공원, 낚시, 등대, 야영 및 해산물"
1103,경상북도,청도군,0,0,온천 및 야영
1104,경상북도,청송군,0,0,"단풍, 공원, 등산, 저수지 및 빙벽 등반"
1105,경상북도,칠곡군,0,0,저수지 및 야영
1106,경상북도,울릉군,0,0,등대
1107,경상북도,고령군,0,0,"유적, 무덤, 야영 및 골프"
1108,경상북도,성주군,0,0,야영
1109,경상북도,봉화군,0,0,"호랑이, 야영, 단풍 및 자연"
1110,경상북도,예천군,0,0,궁술
1111,경상북도,의성군,0,0,"저수지, 화석, 불교, 야영 및 박물관"
1112,경상북도,군위군,0,0,야영
1113,경상북도,영양군,0,0,"관측소, 숲, 자연, 야영 및 공원"
1114,경상북도,불국사,4.5,13352,2개의 탑이 있는 역사적인 불교 사찰
1115,경상북도,동궁과 월지,4.5,16239,아름다운 7세기 연못과 궁전
1116,경상북도,석굴암,4.4,5878,불상으로 유명한 명소
1117,경상북도,첨성대,4.5,17433,서기 632년에 지어진 관측대 유적지
1118,경상북도,안동 하회마을,4.1,6063,14~15세기의 전통적인 마을
1119,경상북도,대릉원,4.5,2478,발굴된 고대 왕릉
1120,경상북도,국립경주박물관,4.5,9885,경주의 왕실 유산 전시
1121,경상북도,경주 양동마을,4.1,3003,예스럽고 잘 보존된 집성촌
1122,경상북도,경주보문관광단지,4.3,2095,산책로와 리조트가 있는 아름다운 호수
1123,경상북도,경주월드,4.5,10066,계절별로 즐길 수 있는 놀이기구가 있는 테마파크
1124,경상북도,경주 월정교,4.6,6079,궁전 주변 해자를 가로지르는 재건된 8세기 다리
1125,경상북도,팔공산,4.3,158,사원과 신전이 있는 푸른 산
1126,경상북도,주왕산 국립공원,4.6,87,석회암 봉우리와 사찰이 있는 울창한 공원
1127,경상북도,속리산,4.4,53,불교 사찰 등이 있는 산
1128,경상북도,황리단길,4.2,5201,"전통적인 건축물, 카페, 상점"
1129,경상북도,부석사,4.6,8,"사원, 단풍, 불교 및 건축"
1130,경상북도,천마총(天馬冢),4.4,3762,5~6세기 고분
1131,경상북도,경주교촌마을,4.1,4528,부유한 가문의 생활을 엿볼 수 있는 박물관
1132,경상북도,봉정사,4.5,1148,봉우리와 수풀 사이에 위치한 유서 깊은 사찰
1133,경상북도,문경새재 도립공원,4.5,5266,고지대 산길에 있는 공원
1134,경상북도,골굴사(骨窟寺),4.4,773,바위에 새긴 불상이 있는 깔끔한 사찰
1135,경상북도,경주타워,4.2,2030,경주 시내와 호수가 보이는 전망대
1136,경상북도,가야산국립공원백운분소,4.4,754,산 주변의 외딴 국립공원
1137,경상북도,경주국립공원,4.6,62,산과 사원이 있는 유서 깊은 공원
1138,경상북도,병산서원,4.4,1895,고요한 시골의 유서 깊은 서원
1139,경상북도,남산,4.7,49,둘레길과 타워가 있는 산
1140,경상북도,황룡사지,4.4,743,거대한 7세기 절터
1141,경상북도,안동 도산서원(陶山書院),4.5,2836,16세기 유교 서원
1142,경상북도,국립백두대간수목원,4.5,991,"호랑이, 숲, 정원 및 시베리아호랑이"
1143,경상북도,호미곶 해맞이광장,4.4,2091,
1144,경상북도,호미곶,4.4,248,바위가 많으며 등대와 조각이 있는 곶
1145,경상북도,캘리포니아 비치,4.3,318,워터파크
1146,경상북도,주왕산,4.4,132,협곡과 폭포가 어우러진 자연 휴양지
1147,경상북도,영일대해수욕장,4.4,142,시내 풍경이 보이는 인기 해변
1148,경상북도,경주 문무대왕릉,4.3,1027,수중 왕릉이 있는 작은 섬
1149,경상북도,보경사(寶鏡寺),4.2,807,인근에 폭포가 있는 산사
1150,경상북도,경주 동궁원,4.2,2000,정원
1151,경상북도,운문사,4.5,2785,6세기 불교 사원 단지
1152,경상북도,경주 감은사지,4.4,887,"유적, 불교 및 건축"
1153,경상북도,블루원 워터파크,4.0,3160,워터 슬라이드와 파도 풀이 있는 워터파크
1154,경상북도,월성(月城),4.2,99,고대 왕궁과 요새 유적지
1155,경상북도,하회세계탈박물관,4.1,1639,박물관
1156,경상북도,국립등대박물관,4.2,190,바다를 볼 수 있는 등대 박물관
1157,경상북도,금오산,4.4,69,"불교 사찰, 동굴, 요새"
1158,경상북도,석가탑(釋迦塔)(국보 제21호),4.5,142,사찰 경내에 자리 잡은 인상적인 탑
1159,경상북도,대한불교조계종 직지사(直指寺),4.6,235,"불교, 사원 및 단풍"
1160,경상북도,봉래폭포,4.3,1304,폭포
1161,경상북도,부용대,4.5,790,
1162,경상북도,계림,4.4,118,역사적 명소 인근에 자리한 고요한 삼림 지역
1163,경상북도,블루로드,4.3,155,
1164,경상북도,고래불해수욕장,4.3,218,수영과 낚시를 즐길 수 있는 황금 백사장 해변
1165,경상북도,구룡포해수욕장,4.2,1073,해변
1166,경상북도,경주 양남 주상절리 전망대,4.4,1379,
1167,경상북도,분황사,4.2,1479,"1,500년 된 사찰 유적"
1168,경상북도,문경에코랄라,4.1,1681,박물관
1169,경상북도,포항시립미술관,4.4,349,"미술관, 예술 및 박물관"
1170,경상북도,부석사 무량수전 (無量壽殿),4.6,873,"사원, 건축 및 불교"
1171,경상북도,청량산,4.3,72,"등산, 단풍, 야영, 산 및 자연"
1172,경상북도,영덕해맞이공원,4.1,1486,공원 및 등대
1173,경상북도,운문산,4.4,29,6세기 절이 있는 등산 명소
1174,경상북도,환호공원,4.4,2161,공원
1175,경상북도,은해사(銀海寺),4.4,645,불교 및 사원
1176,경상북도,월포해수욕장,4.1,106,"해변, 서핑, 야영 및 수상 스포츠"
1177,경상북도,성인봉,4.3,39,"등산, 등반, 숲, 화산 및 산"
1178,경상북도,소수서원(紹修書院),4.4,1928,
1179,경상북도,보문호,4.4,54,호수
1180,경상북도,경주버드파크,4.3,2287,"앵무새, 동물원 및 코카투"
1181,경상북도,토함산,4.4,30,"등산, 불교, 자연 및 산"
1182,경상북도,경주국립공원 삼릉탐방지원센터,4.4,777,숲 및 무덤
1183,경상북도,뽀로로아쿠아빌리지,4.3,558,
1184,경상북도,영일대해수욕장,4.3,7063,해변
1185,경상북도,목탑,0,0,
1186,경상북도,금강소나무숲길,4.1,45,숲 및 자연
1187,경상북도,환호공원 스페이스워크,4.4,331,
1188,경상북도,삼사해상공원,3.7,1010,공원
1189,경상북도,청도 프로방스,4.0,1848,조명이 있는 동화 테마파크
1190,경상북도,내연산,4.6,30,"등산로, 폭포, 불교 사찰"
1191,경상남도,해인사,4.6,3234,목판이 있는 불교 사찰
1192,경상남도,지리산,4.5,174,불교 사원이 있는 유명한 산
1193,경상남도,지리산국립공원,4.3,15,"봉우리, 등산로, 야생동물이 있는 광활한 공원"
1194,경상남도,통도사,4.6,4884,광대한 불교 사원 단지
1195,경상남도,바람의 언덕,4.2,10011,풍차가 있는 경치 좋은 해변 공원
1196,경상남도,한려해상국립공원,4.3,15,유명한 섬과 동굴이 있는 해상 공원
1197,경상남도,롯데워터파크 김해,4.1,4707,"슬라이드, 수영장 등이 있는 대규모 공간"
1198,경상남도,Oedo,4.4,45,큰 식물원이 있는 섬
1199,경상남도,금정산,4.6,89,4개의 주요 봉우리가 있는 경치 좋은 산
1200,경상남도,동피랑 벽화마을,4.0,7231,매력적인 벽화를 볼 수 있는 언덕 지역
1201,경상남도,다랭이마을,4.0,6110,그림 같은 언덕에 자리한 고풍스러운 카페
1202,경상남도,대한불교조계종 보리암(菩提庵),4.5,4951,바다가 보이는 산봉우리 불교 사찰
1203,경상남도,스카이라인루지 통영,4.5,9836,구불구불한 내리막 라이딩 코스와 리프트
1204,경상남도,외도 보타니아,4.3,7256,식물원이 있는 유명한 섬
1205,경상남도,영남 알프스,3.9,14,탁 트인 풍경이 보이는 아름다운 봉우리
1206,경상남도,진주성,4.5,3428,"화려한 외관이 특징인 정자와 1,760m 길이의 바위벽"
1207,경상남도,우포늪,4.5,124,희귀 조류와 식물이 사는 습지대
1208,경상남도,쌍계사,4.4,1878,숲속에 자리한 사찰과 녹차 밭
1209,경상남도,여좌천,4.4,1997,4월 벚꽃이 만개할 때 가장 아름다운 하천
1210,경상남도,거제도 포로수용소 유적공원,3.9,4468,옛 포로수용소에서 열리는 전시
1211,경상남도,학동흑진주몽돌해변,4.3,240,독특한 조약돌이 있는 해변
1212,경상남도,남해 독일마을,4.0,4006,
1213,경상남도,황매산,4.5,108,"산, 야영, 등산 및 자연"
1214,경상남도,팔만대장경,4.6,3238,유명한 불교 경전 소장품
1215,경상남도,사량도,4.4,96,등산로가 있는 험준한 산
1216,경상남도,이순신공원,4.5,4658,문화 센터와 해변 경관을 즐길 수 있는 공원
1217,경상남도,매미성,4.0,3699,성
1218,경상남도,미륵산,4.7,76,계단을 따라가면 전망대가 있는 산
1219,경상남도,밀양 얼음골,4.2,176,야영 및 자연
1220,경상남도,욕지도,4.1,69,낚시 및 야영
1221,경상남도,소매물도,4.3,107,언덕 꼭대기에 등대가 있는 자그마한 섬
1222,경상남도,가야산,4.6,74,가야산 국립공원에 있는 산
1223,경상남도,신선대,4.4,1336,
1224,경상남도,김해가야테마파크,4.1,2941,고대 문화를 주제로 한 놀이 마을
1225,경상남도,롯데워터파크,3.0,2,워터파크
1226,경상남도,지리산 천왕봉,4.7,1277,계곡과 전망대가 있는 등산로
1227,경상남도,합천 영상테마파크,4.1,3430,드라마 및 놀이공원
1228,경상남도,대한불교조계종 표충사(表忠寺),4.3,1805,"불교, 야영, 사원 및 산"
1229,경상남도,화개장터,3.5,6988,
1230,경상남도,거제씨월드,4.1,1293,"돌고래, 흰돌고래 및 수족관"
1231,경상남도,가지산,4.4,65,험준한 등산로가 있는 숲이 우거진 봉우리
1232,경상남도,디피랑(남망산조각공원),4.3,1544,공원
1233,경상남도,지심도,4.6,43,
1234,경상남도,국립김해박물관,4.3,1410,가야 문화를 보여주는 박물관
1235,경상남도,욕지도,4.1,29,야영
1236,경상남도,금산,4.6,41,등산 및 산
1237,경상남도,거제맹종죽테마파크,4.1,1883,공원
1238,경상남도,촉석루,4.5,2821,
1239,경상남도,상주은모래비치,4.3,143,소나무에 둘러싸인 모래사장
1240,경상남도,달아공원,4.2,1538,공원
1241,경상남도,에덴밸리리조트,3.9,2327,식당과 골프장이 있는 편안한 산악 리조트
1242,경상남도,상족암 군립공원,4.4,1631,"공원, 화석 및 야영"
1243,경상남도,주남저수지,4.4,73,"저수지, 철새, 습지, 늪 및 자연"
1244,경상남도,영남루,4.4,1739,
1245,경상남도,국립진주박물관,4.7,833,지역 역사와 임진왜란 관련 전시
1246,경상남도,진양호,4.3,23,"공원, 동물원, 호수 및 수달"
1247,경상남도,황매산군립공원,4.5,523,공원
1248,경상남도,사천 바다 케이블카,4.4,214,
1249,경상남도,거가대교,4.2,183,거제도로 이어지는 다리와 터널
1250,경상남도,배내골,4.0,174,
1251,경상남도,통도환타지아,4.1,761,놀이공원 및 워터파크
1252,경상남도,월성계곡,4.0,84,야영
1253,경상남도,동의보감촌,4.2,1815,
1254,경상남도,창선·삼천포대교,4.4,349,
1255,경상남도,비진도,4.4,62,
1256,경상남도,연화도,4.1,44,
1257,경상남도,경남고성공룡세계엑스포,4.2,2218,화석 및 박물관
1258,경상남도,호박소계곡,4.2,352,
1259,경상남도,당항포관광지,4.2,303,야영
1260,경상남도,부곡온천,4.0,332,온천 및 자연
1261,경상남도,수로왕릉,4.3,1216,"무덤, 유적, 역사 및 사적"
1262,경상남도,장사도,4.2,35,공원
1263,경상남도,고성공룡박물관,4.2,2060,박물관 및 화석
1264,경상남도,경남도립미술관,4.4,708,"미술관, 예술 및 박물관"
1265,경상남도,와현해수욕장,4.3,112,시설이 잘 갖춰진 해변과 수영 구역
1266,경상남도,지리산 대원사,4.4,538,불교 및 사원
1267,경상남도,천황산,4.5,37,등산 및 산
1268,경상남도,서피랑,4.0,1166,
1269,경상남도,남해편백 자연휴양림,4.2,1018,"숲, 야영 및 자연"
1270,경상남도,섬이정원,3.8,726,정원
1271,경상남도,"거제조선해양문화관 (1관:어촌민속전시관, 2관:조선해양전시관)",3.9,782,
1272,경상남도,십리벚꽃길,4.5,250,
1273,경상남도,장유대청계곡,4.3,388,
1274,경상남도,이수도,3.7,15,
1275,경상남도,공곶이,3.9,691,정원
1276,경상남도,최참판댁,4.2,3227,드라마
1277,경상남도,상림공원(上林公園),4.5,2706,"공원, 숲 및 단풍"
1278,경상남도,창원해양공원,4.2,2850,공원
1279,경상남도,거제식물원 정글돔,4.3,1285,정원
1280,경상남도,구조라해수욕장,4.1,47,야영 및 해변
1281,경상남도,대원사계곡,4.5,559,야영
1282,경상남도,창동예술촌,4.1,833,예술
1283,경상남도,삼성궁(三聖宮),4.2,1844,
1284,경상남도,용추계곡,4.5,345,야영
1285,경상남도,칠선계곡,4.3,553,단풍
1286,경상남도,가야랜드,3.9,1000,"놀이공원, 롤러코스터 및 야영"
1287,경상남도,남덕유산,4.5,56,등산 및 산
1288,경상남도,입곡군립공원,4.3,1297,"공원, 저수지 및 단풍"
1289,경상남도,수승대(搜勝臺),4.3,1333,야영 및 연극
1290,경상남도,화왕산,4.6,35,"사찰, 등산로, 봄철 진달래"
1291,전라북도,전주 한옥마을,4.1,26070,한옥이 있는 전통 마을
1292,전라북도,내장산국립공원,4.3,3626,"공원, 단풍 및 산"
1293,전라북도,경기전,4.3,1320,어진 박물관이 있는 유서 깊은 사원
1294,전라북도,내장산,4.0,100,단풍으로 유명한 산봉우리
1295,전라북도,자만벽화마을,3.9,1414,벽화로 알록달록한 집과 골목길
1296,전라북도,대둔산,4.4,103,경치 좋은 봉우리가 많은 산
1297,전라북도,덕유산,4.6,256,폭포가 있는 국립공원의 산
1298,전라북도,남부시장,4.0,4852,수공예품과 길거리 음식을 판매하는 한국 시장
1299,전라북도,덕유산국립공원,4.5,12,트레킹 코스와 캠핑장이 있는 경사진 보호구역
1300,전라북도,선운사(禪雲寺),4.4,3245,숭엄한 6세기 불교 사찰
1301,전라북도,선유도,4.1,180,모래 해변이 있는 경치 좋은 섬
1302,전라북도,풍남문,4.2,1399,정자 형태로 된 옛 요새의 관문
1303,전라북도,전동성당,4.4,3489,순교자의 조각상이 있는 로마네스크 교회
1304,전라북도,전주동물원,4.3,3565,동물원
1305,전라북도,마이산,4.3,141,암석 절벽과 등산로가 있는 적당한 높이의 봉우리
1306,전라북도,탑사,4.6,30,"산, 불교 및 사원"
1307,전라북도,오목대,3.9,195,한옥마을 전망과 기념비가 있는 전망대
1308,전라북도,덕진공원,4.2,3503,탑과 연꽃 연못이 있는 호숫가 공원
1309,전라북도,전주향교,4.3,1650,은행나무가 있는 수백 년 된 학교
1310,전라북도,광한루원,4.3,4390,
1311,전라북도,채석강,4.2,2755,절벽 및 공원
1312,전라북도,금산사,4.5,1532,서기 599년에 설립되어 현재까지 운영 중인 불교 사찰
1313,전라북도,고군산군도,4.2,6,나무가 우거진 바위 섬이 모여 있는 군도
1314,전라북도,임실치즈테마파크,4.3,1402,
1315,전라북도,무주구천동계곡,4.5,359,단풍 및 야영
1316,전라북도,광한루(廣寒樓),4.4,2486,재건된 15세기 누각
1317,전라북도,변산,4.1,7,등산로와 폭포가 있는 유명한 산봉우리
1318,전라북도,군산근대역사박물관,4.1,4704,1930년대 도시에 대해 다루는 지역 역사 박물관
1319,전라북도,뱀사골 계곡,4.6,552,"단풍, 야영 및 자연"
1320,전라북도,향적봉,4.5,319,등산 및 단풍
1321,전라북도,금강하구둑,4.0,141,철새
1322,전라북도,익산 미륵사지,4.4,2335,7세기에 축조한 석탑
1323,전라북도,경암동철길마을 시작점,3.8,6833,복고풍 상점과 폐철로
1324,전라북도,객리단길,4.2,323,
1325,전라북도,고창읍성,4.4,2858,역사
1326,전라북도,모악산,4.5,54,절과 등산로가 있는 풍경이 멋진 산
1327,전라북도,국립전주박물관,4.4,1178,다양한 전시물을 갖춘 국립 박물관
1328,전라북도,국립무형유산원,4.4,420,
1329,전라북도,전주 풍패지관,4.1,442,
1330,전라북도,어진박물관,4.2,1146,박물관
1331,전라북도,완산공원,4.3,181,공원
1332,전라북도,신흥동 일본식가옥,3.7,3095,전통 일본식 가옥과 정원
1333,전라북도,대장도,4.8,13,
1334,전라북도,왕궁리유적,4.4,678,유적 및 역사
1335,전라북도,모항갯벌해수욕장,4.4,56,야영 및 해변
1336,전라북도,강천산,4.4,47,폭포와 사찰이 있는 숲이 우거진 산봉우리
1337,전라북도,구천동,4.7,3,
1338,전라북도,새만금 방조제,0,0,2개의 곶을 연결하는 대규모 제방
1339,전라북도,춘향테마파크,3.7,1133,
1340,전라북도,격포해넘이해수욕장,4.1,48,야영
1341,전라북도,고사포해수욕장,4.2,36,야영 및 해변
1342,전라북도,선운산,4.3,31,"등산, 단풍, 야영, 등반 및 산"
1343,전라북도,직소폭포,4.4,461,
1344,전라북도,강천산군립공원,4.3,93,공원
1345,전라북도,국립익산박물관,4.5,816,박물관
1346,전라북도,전북도립미술관,4.2,782,"미술관, 파블로 피카소, 마르크 샤갈, 예술 및 박물관"
1347,전라북도,한벽당,4.3,111,건축
1348,전라북도,선유도해수욕장,4.6,20,해변
1349,전라북도,무주 머루와인,3.6,1907,"동굴, 포도주 및 와인 농장"
1350,전라북도,마이산도립공원,4.4,248,공원
1351,전라북도,무녀도,3.8,13,
1352,전라북도,히로쓰 가옥,3.5,10,
1353,전라북도,변산마실길,4.2,115,
1354,전라북도,변산해수욕장,4.2,30,야영 및 해변
1355,전라북도,익산보석박물관,3.8,1439,박물관
1356,전라북도,벽골제,4.2,1321,"저수지, 유적 및 역사"
1357,전라북도,적벽강,4.2,75,절벽
1358,전라북도,한국도로공사 전주수목원,4.5,2759,정원
1359,전라북도,Baraebong,3.5,4,등산 및 산
1360,전라북도,백제왕궁박물관,4.3,340,유적 및 역사
1361,전라북도,고인돌공원,4.1,1337,
1362,전라북도,적상산,4.3,17,"단풍, 산, 역사 및 사적"
1363,전라북도,은파호수공원(동편),4.5,830,공원
1364,전라북도,대둔산도립공원 (전북),4.5,356,케이블카와 하이킹을 즐길 수 있는 산악 공원
1365,전라북도,최명희문학관 마음자리,4.3,90,박물관
1366,전라북도,대장봉(장자봉),4.5,1143,
1367,전라북도,대한불교조계종 동국사,4.0,1891,불교 및 사원
1368,전라북도,김제 금산사 미륵전,4.4,29,불교 및 건축
1369,전라북도,진포해양테마공원,4.0,2131,공원
1370,전라북도,안국사,4.1,308,단풍 및 사원
1371,전라북도,내변산,4.5,80,산
1372,전라북도,구시포해수욕장,4.0,39,섬과 일몰 경치가 있는 넓은 해변
1373,전라북도,위도,4.4,13,
1374,전라북도,고산자연휴양림,4.4,465,야영
1375,전라북도,위봉폭포,4.3,161,
1376,전라북도,태권도원(Taekwondowon),4.6,950,태권도
1377,전라북도,오성 한옥마을,4.0,12,
1378,전라북도,군산근대건축관,4.2,333,건축 및 미술관
1379,전라북도,칠연계곡,4.3,275,야영
1380,전라북도,전라감영,4.4,274,
1381,전라북도,운곡람사르습지,4.4,31,"습지, 생태관광 및 자연"
1382,전라북도,이목대,4.3,38,
1383,전라북도,부안영상테마파크,2.9,347,
1384,전라북도,전주한지박물관,4.3,257,인터랙티브 한지 전시관
1385,전라북도,대아 수목원,4.3,625,
1386,전라북도,마천대,4.2,9,
1387,전라북도,옥정호 구절초테마공원,4.2,1620,공원
1388,전라북도,남천교,4.4,50,
1389,전라남도,순천만습지,4.4,9491,자연 및 조류 보호 구역
1390,전라남도,죽녹원,4.4,9955,거대한 대나무 숲 속의 산책로
1391,전라남도,낙안읍성민속마을,4.2,5530,역사적인 요새에 자리한 문화 명소
1392,전라남도,오동도,4.4,299,동백꽃이 피는 경치 좋은 섬
1393,전라남도,다도해해상국립공원 금오도 지구,4.7,49,공원
1394,전라남도,순천만국가정원,4.5,6128,독특한 조경지를 자랑하는 정원
1395,전라남도,보성녹차밭 대한다원,4.3,2362,산책할 수 있는 드넓은 녹차 밭
1396,전라남도,송광사묘법연화경찬술,4.4,67,"사원, 불교 및 산"
1397,전라남도,홍도,4.2,140,자연 보호구역인 바위산
1398,전라남도,돌산공원,4.3,2713,찻집이 있는 탁 트인 전망의 넓은 공원
1399,전라남도,여수해상케이블카 돌산탑승장,4.2,9874,탁 트인 풍경을 볼 수 있는 케이블카
1400,전라남도,화엄사 불이문,4.8,23,"사원, 불교, 자연, 산 및 건축"
1401,전라남도,대한불교조계종 백양사(白羊寺),4.4,2443,숲 속에 자리잡은 사찰
1402,전라남도,대한불교조계종 향일암,4.5,5192,바다 경관을 만끽할 수 있는 불교 사찰
1403,전라남도,한국불교태고종 선암사,4.5,1361,그림 같은 다리로 유명한 사찰
1404,전라남도,흑산도,3.0,52,나무가 울창한 산이 있는 섬
1405,전라남도,메타세쿼이아가로수길,4.1,5698,
1406,전라남도,월출산국립공원,4.6,62,바위 봉우리와 높은 다리가 있는 공원
1407,전라남도,유달산,4.5,89,일몰과 조각 작품으로 유명한 산
1408,전라남도,여수해양레일바이크,3.8,2951,여수 해변가를 따라 달리는 레일바이크
1409,전라남도,아쿠아플라넷 여수,4.1,8515,터치풀과 쇼를 즐길 수 있는 수영장
1410,전라남도,대흥사,4.4,1532,사원 및 불교
1411,전라남도,섬진강기차마을,4.1,2820,B&B 숙박용으로 개조된 기차
1412,전라남도,돌산대교,4.3,460,화려한 야간 조명을 자랑하는 사장교
1413,전라남도,이순신광장,4.1,8024,공원
1414,전라남도,월출산,4.3,70,절경을 볼 수 있는 다리와 등산로가 있는 산
1415,전라남도,미황사,4.5,1111,경치가 좋은 불교 사원
1416,전라남도,거문도,3.8,31,낚시를 할 수 있고 풍경이 아름다운 작은 섬
1417,전라남도,메타프로방스,3.9,3392,상점과 카페가 있는 프랑스 테마의 마을
1418,전라남도,소쇄원 (瀟灑園),4.1,2490,자연과 조화를 이루는 유서 깊은 장소
1419,전라남도,목포해상케이블카 북항승강장,4.3,3168,
1420,전라남도,이순신대교,4.5,86,전망대가 있는 바다 위의 긴 다리
1421,전라남도,대한다원 보성녹차밭,4.4,1626,전망대가 있는 다원
1422,전라남도,땅끝마을,0,0,야영
1423,전라남도,신안 퍼플섬,4.0,803,
1424,전라남도,보길도,4.6,34,
1425,전라남도,태평염전,4.0,1198,방문자 시설을 갖춘 소금 농장
1426,전라남도,목포 갓바위 (천연기념물 제500호),4.2,1767,바다 앞 사암 바위
1427,전라남도,Nogodan,4.7,84,"등산, 단풍, 산 및 하이킹"
1428,전라남도,와온해변,4.3,106,해변
1429,전라남도,하멜등대,4.1,1468,등대
1430,전라남도,회산백련지,4.5,293,
1431,전라남도,국립해양문화재연구소,4.6,602,박물관
1432,전라남도,진남관,3.7,602,
1433,전라남도,가우도,4.3,78,
1434,전라남도,영취산,4.2,33,산
1435,전라남도,디오션워터파크,3.9,510,워터파크
1436,전라남도,가거도,4.2,37,후박나무가 있는 바위섬
1437,전라남도,구례 오산 사성암 일원,4.5,233,사원
1438,전라남도,여수엑스포해양공원,4.2,679,
1439,전라남도,노고단,4.6,152,
1440,전라남도,조계산,4.2,59,"등산, 불교 및 산"
1441,전라남도,여수해양공원,4.2,2637,공원
1442,전라남도,두륜산,4.4,22,"산, 단풍 및 등산"
1443,전라남도,순천드라마촬영장,4.1,3354,
1444,전라남도,무안황토갯벌랜드,4.4,396,습지 및 야영
1445,전라남도,율포해수욕장,4.2,52,가족적인 분위기의 깨끗한 해변과 해수 수영장
1446,전라남도,완도타워,4.2,1775,
1447,전라남도,해양수산과학관,4.0,454,과학관 및 박물관
1448,전라남도,평화광장,4.3,1732,
1449,전라남도,불갑사,4.5,22,불교 및 사원
1450,전라남도,정남진 전망대,4.1,898,
1451,전라남도,만성리검은모래해변,3.3,79,해변
1452,전라남도,담양 관방제림,4.5,898,단풍 및 자연
1453,전라남도,장도 청해진 유적지,4.4,249,"유적, 역사 및 사적"
1454,전라남도,목포대교,4.3,47,
1455,전라남도,천은사,4.3,1219,불교 및 사원
1456,전라남도,구례 산수유마을,4.5,79,
1457,전라남도,명사십리해수욕장,4.3,55,수영과 튜브 놀이를 즐길 수 있는 드넓은 해변
1458,전라남도,톱머리 해수욕장,3.9,286,
1459,전라남도,광양매화마을,5.0,1,
1460,전라남도,반월도,4.3,7,
1461,전라남도,고려청자박물관,3.9,546,박물관
1462,전라남도,소호 동동다리,4.4,1159,
1463,전라남도,거금도,3.8,12,
1464,전라남도,외나로도,3.7,15,
1465,전라남도,천사벽화마을,3.8,1648,
1466,전라남도,백련사(白蓮寺),4.4,581,"불교, 사원 및 등산"
1467,전라남도,목포 근대역사관 1관,4.2,2206,역사 및 박물관
1468,전라남도,고하도,4.2,18,
1469,전라남도,유월드 루지 테마파크,4.4,2169,
1470,전라남도,강진만 생태공원,4.4,877,공원
1471,전라남도,백운산,4.2,29,산봉우리와 휴양림
1472,전라남도,땅끝송호해변,4.3,34,해변 및 야영
1473,전라남도,목포자연사박물관,4.3,1477,박물관
1474,전라남도,반야봉,4.7,6,산
1475,전라남도,여수예술랜드,3.7,86,예술
1476,전라남도,짱뚱어다리,4.2,973,
1477,전라남도,대한다원,4.3,3,
1478,전라남도,명량해협 울돌목,4.4,146,박물관이 있는 역사적인 해전 유적지
1479,전라남도,관매도,4.0,15,
1480,전라남도,천사대교,4.3,55,
1481,전라남도,순천왜성,4.2,115,성 및 역사
1482,전라남도,신지명사십리 해수욕장,4.4,1230,해변 및 야영
1483,전라남도,해남 전라우수영,4.2,1160,
1484,전라남도,박지도,4.2,10,
1485,전라남도,광양매화축제,4.3,363,
1486,전라남도,퍼플교,4.2,1067,
1487,전라남도,축령산,4.3,72,전망대가 있는 산봉우리
1488,제주시,한라산,4.6,546,등산로가 있는 유명한 산
1489,제주시,성산 일출봉,4.7,1106,화산 분화로 형성된 분화구 봉우리
1490,제주시,만장굴,4.2,10537,독특한 구조물이 있는 긴 용암 동굴
1491,제주시,우도,4.4,326,카페와 자전거 대여소가 있는 작은 섬
1492,제주시,함덕해수욕장,4.5,11329,샤워 시설이 있는 백사장 해변
1493,제주시,천지연폭포,4.3,503,"섬에 자리한 폭포와 상점, 음식점"
1494,제주시,협재해수욕장,4.6,5820,비양도가 보이는 백사장
1495,제주시,제주 러브랜드,0,0,성을 가볍고 즐겁게 해석
1496,제주시,한라산 국립공원,4.7,2958,산책로가 있는 산악 국립공원
1497,제주시,제주동문시장,4.0,30402,농수산물과 기타 상품을 판매하는 시장
1498,제주시,한림공원,4.3,5082,동굴과 동물원이 있는 광대한 정원
1499,제주시,오설록 티 뮤지엄,4.1,18567,"차 전시관, 카페, 가게"
1500,제주시,카멜리아 힐,4.2,12856,일 년 내내 운영되는 유서 깊은 식물원
1501,제주시,용두암,3.9,14617,해변가에 있는 랜드마크 화산암
1502,제주시,비자림,4.5,3787,비자나무 고목이 가득한 드넓은 숲
1503,제주시,제주 돌문화공원,4.4,1330,제주 유산을 구현한 화산석 조각
1504,제주시,섭지코지,4.4,13774,등대가 있는 아름다운 해안 지역
1505,제주시,성읍민속마을,3.8,3028,전원풍의 가옥이 있는 전통 마을
1506,제주시,메이즈랜드,4.2,2946,다양한 미로가 있는 가족 명소
1507,제주시,제주 유리의성,4.0,2530,유리 공예 전시와 체험
1508,제주시,에코랜드,4.2,7097,전원 속 공원을 통과하며 느릿하게 움직이는 기차
1509,제주시,김녕미로공원,4.2,3545,잔디로 된 미로와 놀이터가 있는 공원
1510,제주시,월정리 해수욕장,4.4,5354,넓은 해안이 펼쳐진 유명 해변
1511,제주시,생각하는정원,4.2,1448,재래종 나무와 분재가 있는 울창한 정원
1512,제주시,제주해녀박물관,4.3,1898,해녀와 물질에 관한 전시
1513,제주시,협재해변,4.6,190,해변 및 해산물
1514,제주시,이호테우해변,4.1,2673,해변
1515,제주시,헬로키티아일랜드,4.0,3404,헬로 키티 박물관
1516,제주시,제주절물자연휴양림,4.6,5854,화산 작용으로 생성된 언덕에 자리한 삼나무 숲
1517,제주시,해안도로,4.4,196,바닷가 인기 산책로
1518,제주시,아쿠아플라넷 제주,4.4,11713,파충류가 있는 현대식 수족관
1519,제주시,신화테마파크,3.9,2608,고전적인 놀이 기구와 4D 극장이 있는 놀이 공원
1520,제주시,본태박물관,4.2,2268,전통 및 현대 미술과 공예품을 볼 수 있는 갤러리
1521,제주시,시오름,4.6,65,"화산, 동굴 및 자연"
1522,제주시,신비의도로 (도깨비도로),3.7,3373,독특한 착시 효과를 불러일으키는 언덕
1523,제주시,이호테우해변,4.0,326,"낚시를 할 수 있는 부두, 보트 대여, 등대"
1524,제주시,금능해수욕장,4.6,3422,해변 및 야영
1525,제주시,한라수목원,4.3,4738,산책로가 있는 식물원
1526,제주시,곽지해수욕장,4.4,2864,수상 스포츠와 용천수로 유명한 모래 해변
1527,제주시,거문오름,4.6,899,가이드 투어를 제공하는 거대한 화산 분화구
1528,제주시,용머리해안,4.4,4438,경치 좋은 전망을 갖춘 바위가 많은 해안선
1529,제주시,월정리해변,4.3,252,해변 및 서핑
1530,제주시,제주특별자치도 민속자연사박물관,4.2,2047,제주 문화와 자연 관련 전시
1531,제주시,제주세계자연유산센터,4.3,1272,제주도의 지질학적 역사를 다룬 체험형 전시관
1532,제주시,제주특별자치도립미술관,4.4,1004,현대적 공간에 전시된 현대 미술 작품
1533,제주시,비양도,4.3,147,기암괴석이 있는 작은 화산섬
1534,제주시,용연구름다리,4.2,2020,깊은 만을 가로지르는 다리
1535,제주시,서귀포 자연휴양림,4.5,1522,자연 및 야영
1536,제주시,제주민속오일시장,4.2,5942,
1537,제주시,함덕서우봉해변,4.6,128,해변
1538,제주시,도두봉,4.5,124,
1539,제주시,스누피가든,4.6,2274,
1540,제주시,추자도,4.6,43,풍광과 해산물로 유명한 섬
1541,제주시,한라산국립공원 관음사 탐방로,4.6,2314,"등산, 등반, 야영 및 단풍"
1542,제주시,산굼부리,4.4,3458,평화롭고 아름다운 곳에 자리한 큰 분화구
1543,제주시,신화워터파크,4.3,298,워터파크 및 놀이공원
1544,제주시,어승생악,4.6,576,한라산을 볼 수 있는 정상까지 이르는 산책로
1545,제주시,9.81 파크,4.4,3324,공원
1546,제주시,제주항공우주박물관,4.3,4826,대규모 항공우주 박물관
1547,제주시,김녕해수욕장,4.4,191,해변 및 야영
1548,제주시,대한불교조계종 관음사,4.4,1009,"불상, 산 풍경과 템플스테이"
1549,제주시,사려니숲길 - 비자림로 입출구,4.4,1847,한적한 산책로와 사진 명소로 유명한 숲길
1550,제주시,국립제주박물관,4.2,2029,제주도의 역사를 알아보는 박물관
1551,제주시,휴애리 자연생활공원,3.9,4661,동물이 있고 꽃으로 가득한 고요한 공원
1552,제주시,사려니숲길,4.7,179,숲 및 자연
1553,제주시,제주 4·3 평화공원,4.7,2860,공원 및 박물관
1554,제주시,넥슨컴퓨터박물관,4.2,3757,컴퓨터와 비디오 게임에 관해 전시한 박물관
1555,제주시,제주현대미술관,4.2,1107,현대 미술과 야외극장
1556,제주시,산방산,4.4,176,사찰과 유채꽃이 있는 산
1557,제주시,신창풍차해안,4.5,1765,
1558,제주시,삼양검은모래해변,4.3,94,해변
1559,제주시,성판악휴게소,3.9,760,상점이 있는 휴게소
1560,제주시,이호테우해수욕장,4.2,21,
1561,제주시,한담해변,4.4,2193,해변
1562,제주시,금능으뜸원해변,4.6,198,해변 및 야영
1563,제주시,새별오름,4.5,1192,
1564,제주시,아르떼뮤지엄 제주,4.4,4562,"박물관, 예술 및 미술관"
1565,제주시,제주공룡랜드,3.6,1538,앵무새 및 공원
1566,제주시,보롬왓,4.1,3079,정원
1567,제주시,사라봉공원,4.5,1203,
1568,제주시,삼성혈,4.2,1443,전시관이 있는 16세기 사당
1569,제주시,애월 카페거리,4.3,81,
1570,제주시,제주목 관아,4.2,1112,재건된 1300년대 관청
1571,제주시,차귀도,4.7,63,낚시 및 자연
1572,제주시,(사)제주특별자치도관광협회,4.2,23,
1573,제주시,소인국 테마파크,3.9,2035,세계 명소의 축소판이 있는 잘 가꾸어진 공원
1574,제주시,검멀레 해변,4.3,3994,해변
1575,제주시,환상숲곶자왈공원,4.3,2205,"숲, 공원 및 자연"
1576,제주시,탑동광장,4.2,1431,
1577,제주시,곽지과물해변,4.2,84,해변 및 서핑
1578,제주시,삼양해수욕장,4.2,1349,해변
1579,제주시,오설록 녹차밭,4.3,2150,정원
1580,제주시,새별오름,4.4,397,풍경이 아름다운 화산성 산맥
1581,제주시,원앙폭포,4.4,932,폭포 및 야영
1582,제주시,금오름,4.5,1557,패러글라이딩
1583,제주시,한담해안산책로,4.5,49,
1584,제주시,수목원테마파크,4.0,3444,화려한 얼음 조각상이 있는 명소
1585,제주시,세화해변,4.5,1458,
1586,제주시,서귀포 치유의숲,4.6,1940,숲 및 자연
1587,제주시,세잔&칸딘스키展 11/4 OPEN 준비(임시휴관),4.4,6107,"빈센트 반 고흐, 구스타프 클림트 및 예술"
1588,서귀포,성산 일출봉,4.7,1106,화산 분화로 형성된 분화구 봉우리
1589,서귀포,한라산,4.6,546,등산로가 있는 유명한 산
1590,서귀포,천제연폭포,4.3,4823,3단계로 이루어진 그림 같은 폭포
1591,서귀포,주상절리대,4.4,9316,20m 높이의 랜드마크 화산 절벽
1592,서귀포,천지연폭포,4.3,503,"섬에 자리한 폭포와 상점, 음식점"
1593,서귀포,정방폭포,4.5,9621,절벽에 있는 해안폭포
1594,서귀포,한라산 국립공원,4.7,2958,산책로가 있는 산악 국립공원
1595,서귀포,오설록 티 뮤지엄,4.1,18567,"차 전시관, 카페, 가게"
1596,서귀포,섭지코지,4.4,13774,등대가 있는 아름다운 해안 지역
1597,서귀포,카멜리아 힐,4.2,12858,일 년 내내 운영되는 유서 깊은 식물원
1598,서귀포,제주민속촌,4.1,3927,재건한 1890년대 마을
1599,서귀포,중문 색달해수욕장,4.2,874,작은 모래 해변 겸 서핑 장소
1600,서귀포,아쿠아플라넷 제주,4.4,11714,파충류가 있는 현대식 수족관
1601,서귀포,성읍민속마을,3.8,3028,전원풍의 가옥이 있는 전통 마을
1602,서귀포,대한불교조계종 약천사,4.4,1813,대형 목불이 있는 화려한 절
1603,서귀포,테디베어박물관,3.9,2414,테디베어 전시 박물관
1604,서귀포,서귀포 매일올레시장,4.0,24390,식료품 및 가정용품을 판매하는 실내 시장
1605,서귀포,헬로키티아일랜드,4.0,3404,헬로 키티 박물관
1606,서귀포,송악산,4.6,303,"절벽, 산 및 화산"
1607,서귀포,용머리해안,4.4,4438,경치 좋은 전망을 갖춘 바위가 많은 해안선
1608,서귀포,제주 유리의성,4.0,2530,유리 공예 전시와 체험
1609,서귀포,신화테마파크,3.9,2608,고전적인 놀이 기구와 4D 극장이 있는 놀이 공원
1610,서귀포,외돌개,4.4,2706,일몰을 감상할 수 있는 아름다운 전망대
1611,서귀포,여미지 식물원,4.0,3047,아름다운 실내 및 실외 식물원
1612,서귀포,본태박물관,4.2,2268,전통 및 현대 미술과 공예품을 볼 수 있는 갤러리
1613,서귀포,중문관광단지,4.2,544,식당과 박물관이 있는 해안 리조트
1614,서귀포,시오름,4.6,65,"화산, 동굴 및 자연"
1615,서귀포,마라도,4.3,264,해안 풍경이 아름다운 한적한 섬
1616,서귀포,쇠소깍,4.2,12959,카약과 뗏목 타기로 유명한 하구
1617,서귀포,가파도,4.5,50,푸른 들판과 축제가 있는 작은 섬
1618,서귀포,산방산,4.4,176,사찰과 유채꽃이 있는 산
1619,서귀포,표선해수욕장,4.4,576,해변
1620,서귀포,제주항공우주박물관,4.3,4826,대규모 항공우주 박물관
1621,서귀포,박물관은살아있다,4.2,3880,3D 미술과 조각 작품이 있는 독특한 박물관
1622,서귀포,신화워터파크,4.3,298,워터파크 및 놀이공원
1623,서귀포,서귀포 자연휴양림,4.5,1522,자연 및 야영
1624,서귀포,새연교,4.3,2109,아름다운 보행자 전용 사장교
1625,서귀포,범섬,4.6,36,스쿠버 다이빙
1626,서귀포,이중섭미술관,4.2,1957,화가의 생전 거주지에 들어선 미술관
1627,서귀포,중문색달해변,4.2,129,"해변, 서핑 및 수상 스포츠"
1628,서귀포,휴애리 자연생활공원,3.9,4661,동물이 있고 꽃으로 가득한 고요한 공원
1629,서귀포,광치기해변,4.6,216,성산일출봉이 보이는 해변
1630,서귀포,사려니숲길,4.7,179,숲 및 자연
1631,서귀포,세잔&칸딘스키展 11/4 OPEN 준비(임시휴관),4.4,6107,"빈센트 반 고흐, 구스타프 클림트 및 예술"
1632,서귀포,중문관광단지,4.0,8,
1633,서귀포,초콜릿랜드,3.4,487,박물관
1634,서귀포,소인국 테마파크,3.9,2035,세계 명소의 축소판이 있는 잘 가꾸어진 공원
1635,서귀포,성판악휴게소,3.9,760,상점이 있는 휴게소
1636,서귀포,이중섭거리,3.9,3869,갤러리와 이중섭이 살았던 집이 있는 거리
1637,서귀포,오설록 녹차밭,4.3,2150,정원
1638,서귀포,스누피가든,4.6,2274,
1639,서귀포,보롬왓,4.1,3079,정원
1640,서귀포,일출랜드,4.0,1511,정원과 동굴이 있는 명소
1641,서귀포,건강과성박물관,3.6,1716,성인용 예술작품이 있는 현대 박물관
1642,서귀포,표선해비치해변,4.0,50,해변
1643,서귀포,문섬,4.5,315,스쿠버 다이빙을 즐길 수 있는 아름다운 자연 보호구역
1644,서귀포,제주허브동산,4.2,2277,밤에 불을 밝히는 꽃과 나무가 있는 정원
1645,서귀포,초콜릿박물관,3.3,1102,박물관
1646,서귀포,원앙폭포,4.4,932,폭포 및 야영
1647,서귀포,서귀포 치유의숲,4.6,1940,숲 및 자연
1648,서귀포,세리월드,3.8,1014,공원
1649,서귀포,남원큰엉해안,4.4,1530,절벽 및 자연
1650,서귀포,영실코스,4.0,1,등산
1651,서귀포,황우지 선녀탕,4.4,182,스노클링 및 자연
1652,서귀포,1100고지휴게소,4.2,4132,습지
1653,서귀포,김영갑갤러리 두모악,4.4,1514,미술관
1654,서귀포,뽀로로&타요테마파크 제주,4.2,196,
1655,서귀포,붉은오름 자연휴양림,4.6,757,야영 및 자연
1656,서귀포,사계해안,4.6,159,해변
1657,서귀포,황우지 해안,4.4,70,자연
1658,서귀포,따라비오름,4.5,777,사슴
1659,서귀포,형제섬,4.4,41,
1660,서귀포,드라이브코스,0,0,
1661,서귀포,화순금모래해변,3.8,29,해변
1662,서귀포,제주코코몽에코파크,4.0,1044,
1663,서귀포,다이나믹메이즈 제주,4.1,1710,
1664,서귀포,법환포구,4.3,1393,해변
1665,서귀포,돈내코계곡,4.3,686,
1666,서귀포,새섬,4.4,142,공원
1667,서귀포,감귤박물관,4.0,1350,박물관
1668,서귀포,산방굴사,4.1,90,사원 및 자연
1669,서귀포,노리매,4.1,747,공원
1670,서귀포,핫핑크돌핀스 제주돌핀센터,5.0,3,돌고래
1671,서귀포,상효원,4.2,1512,정원
1672,서귀포,사계해변,4.5,128,서핑
1673,서귀포,유민미술관,4.3,318,"미술관, 박물관 및 예술"
1674,서귀포,아프리카박물관,3.5,434,웅장한 건물에 자리한 아프리카 예술 박물관
1675,서귀포,제주곶자왈도립공원,4.4,1366,공원
1676,서귀포,제주동백수목원,4.0,1882,
1677,서귀포,윈드1947카트 테마파크,4.3,1904,
1678,서귀포,알뜨르비행장,4.4,208,역사
1679,서귀포,소정방폭포,4.4,532,
1680,서귀포,사라오름,4.6,783,"호수, 등산 및 등반"
1681,서귀포,세계자동차＆피아노 박물관,4.2,3146,클래식 자동차와 어린이를 위한 액티비티
1682,서귀포,서건도,4.2,339,
1683,서귀포,제주제트,4.4,310,
1684,서귀포,성산유채꽃밭,4.1,493,
1685,서귀포,테쉬폰,4.0,579,
1686,서귀포,점보빌리지,3.8,1022,코끼리
1687,속초,설악산국립공원,4.4,1014,하이킹 코스 & 야생동물이 있는 국립공원
1688,속초,설악산 신흥사,4.1,2696,청동 불상이 있는 산 속의 사찰
1689,속초,한화리조트 설악워터피아,4.2,3161,일 년 내내 운영하는 워터파크 및 온천 스파
1690,속초,속초해변,4.3,7456,수영과 조개껍질 수집
1691,속초,영금정,4.2,10263,바다가 내려다보이며 주변이 트여있는 정자
1692,속초,권금성,4.3,37,단풍 및 산
1693,속초,설악산 울산바위,4.7,969,탁 트인 전망의 암석 봉우리
1694,속초,설악산 케이블카,4.3,8773,케이블카를 타면 볼 수 있는 산성 유적지와 멋진 풍경
1695,속초,울산바위,4.8,71,등산로가 있는 유명한 암석 지대
1696,속초,속초관광수산시장,4.0,23739,"해산물, 시장 및 쇼핑"
1697,속초,금강굴,4.3,89,동굴
1698,속초,외옹치 바다향기로,4.4,2789,
1699,속초,엑스포타워,3.8,1724,
1700,속초,천불동 계곡,4.7,105,산책로와 폭포가 있는 가파른 계곡
1701,속초,델피노 오션플레이,4.1,234,워터파크
1702,속초,속초등대,4.3,705,동해 전망의 절벽 위 등대
1703,속초,청초호,4.5,40,호수 및 석호
1704,속초,비룡폭포,4.5,206,폭포 & 유명한 하이킹 코스
1705,속초,권금성,4.7,73,단풍
1706,속초,토왕성폭포,4.3,46,
1707,속초,설악해맞이공원,4.2,906,공원
1708,속초,등대해수욕장,2.0,1,
1709,속초,설악산소공원,4.4,201,단풍
1710,속초,속초시립박물관,4.3,888,박물관
1711,속초,국립산악박물관,4.2,1060,"박물관, 등반 및 등산"
1712,속초,외옹치해변,4.1,89,해변
1713,속초,척산족욕공원,4.2,1200,온천 및 공원
1714,속초,영랑호,4.7,81,호수 및 석호
1715,속초,설악대교,4.0,103,
1716,속초,마등령,4.2,14,등산 및 단풍
1717,속초,속초아이 대관람차(Sokchoeye),4.3,283,
1718,속초,봉정암,4.5,304,단풍 및 불교
1719,속초,롯데리조트 속초 워터파크,4.2,125,워터파크
1720,속초,속초해변,4.3,79,해변
1721,속초,범바위,4.4,236,
1722,속초,청초호 호수공원,4.3,639,공원
1723,속초,계조암,4.3,516,사원 및 불교
1724,속초,천당폭포,4.4,89,공원
1725,속초,얼라이브하트,4.1,1088,
1726,속초,속초 영금정,0,0,해변
1727,속초,테디베어팜,3.9,159,곰 및 박물관
1728,속초,설악산국립공원 설악동지구,4.5,7680,공원
1729,속초,토왕성폭포 전망대,4.7,212,폭포
1730,속초,달마봉,4.0,6,
1731,속초,대포항,3.6,10,해산물
1732,속초,아바이마을,3.7,2494,
1733,속초,바우지움,4.1,735,"미술관, 조각, 박물관 및 예술"
1734,속초,물치해변,4.2,65,해변 및 서핑
1735,속초,청대산,4.5,26,
1736,속초,등대해변,4.4,66,해변
1737,속초,간이해수욕장,3.5,4,해변
1738,속초,설악산자생식물원,4.4,649,
1739,속초,금강대교,3.9,68,
1740,속초,학무정,3.7,149,
1741,속초,영랑호수윗길,4.7,14,
1742,속초,비선대,4.6,1577,"단풍, 공원, 산 및 자연"
1743,속초,영랑호,4.6,7,호수 및 자연
1744,속초,설악산 흔들바위,4.5,13,
1745,속초,육담폭포,4.4,580,폭포
1746,속초,석봉도자기미술관,3.7,220,"미술관, 도예 및 예술"
1747,속초,영금정해돋이정자,4.5,19,
1748,속초,발해역사관,4.1,116,박물관
1749,속초,소청봉,4.6,8,단풍
1750,속초,청초호수공원,4.6,66,공원
1751,속초,황철봉,4.3,4,
1752,속초,대포항전망대,5.0,2,
1753,속초,청호해변,4.3,28,해변
1754,속초,청초호유원지,4.4,765,
1755,속초,속초 소호거리,4.0,4,
1756,속초,보광사,4.4,100,
1757,속초,설악산,4.6,79,
1758,속초,해파랑길45코스(속초해맞이공원-장사항),0,0,
1759,속초,양양 진전사지 도의선사탑,0,0,
1760,속초,설악산국립공원 사무소,5.0,1,공원
1761,속초,학사평콩꽃마을영농조합법인,3.0,1,해산물
1762,속초,향성사지 삼층석탑,4.7,9,
1763,속초,영랑호 습지 생태공원,4.5,267,공원
1764,속초,인어연인상,5.0,2,
1765,속초,Gaetbae Boat to Abai Village,0,0,
1766,속초,테라크랩팜,4.2,84,박물관
1767,속초,청초정,5.0,2,
1768,속초,속초 신흥사 극락보전,4.5,10,사원
1769,속초,속초 조양동 유적,3.9,8,
1770,속초,해피아울하우스 부엉이박물관,4.3,249,박물관
1771,속초,주봉산,4.2,5,
1772,속초,안락암,4.4,14,
1773,속초,영랑호 화랑도 체험 관광단지,4.1,70,
1774,속초,울산바위 촬영휴게소,4.1,163,
1775,속초,응골딸기,3.9,34,
1776,속초,장사항 해변,0,0,해변
1777,속초,장사어촌체험마을,0,0,
1778,속초,등대,3.5,2,
1779,속초,귀면암,4.0,3,
1780,속초,속초 조도,4.3,3,
1781,속초,속초 신흥사 보제루,4.5,4,사원
1782,속초,설악산 벚꽃터널,4.3,13,
1783,속초,엑스포잔디광장,4.4,52,
1784,속초,오련폭포,4.8,9,
1785,강릉,경포해변,4.4,8167,넓고 부산한 모래 해변
1786,강릉,경포대,4.5,1383,전통적인 부속 건물과 유서 깊은 옛 기록
1787,강릉,하슬라아트월드,4.3,3249,"해변 박물관, 호텔, 조각 공원"
1788,강릉,대관령양떼목장,4.2,4592,아름다운 양 농장 산책
1789,강릉,오죽헌,4.3,9208,박물관이 있는 유학자의 옛 거주지
1790,강릉,주문진해수욕장,4.0,28,느긋하게 쉬기 좋은 소박한 해변
1791,강릉,정동진해변,4.2,4069,독특한 외관의 호텔이 있고 새해 해돋이 명소인 해변
1792,강릉,강릉 선교장,4.3,2238,현재는 박물관으로 사용되는 18세기 양반의 고택
1793,강릉,강릉중앙시장,4.0,13816,
1794,강릉,대관령,4.4,43,등산과 강릉 전망 감상에 좋은 고개
1795,강릉,안목해변,4.2,10226,해변
1796,강릉,경포해변,4.4,253,수 km에 걸친 모래사장 곳곳에 조형물이 있는 해변
1797,강릉,경포호,4.4,524,철새 도래지이자 일몰 명소인 호수
1798,강릉,강문해변,4.4,189,해변
1799,강릉,정동심곡 바다부채길,0,0,
1800,강릉,안목해변,4.3,283,커피 거리가 있는 도심 해변
1801,강릉,모래시계공원,4.0,5319,공원
1802,강릉,사근진해변,4.3,32,해변
1803,강릉,사천해변,4.1,94,"해변, 서핑 및 야영"
1804,강릉,BTS 버스정류장,4.4,619,
1805,강릉,안반데기,4.4,332,
1806,강릉,영진해변,4.5,62,황금빛 모래사장과 드라마 명소
1807,강릉,강문해변,4.4,870,해변
1808,강릉,정동진레일바이크,4.2,352,
1809,강릉,주문진해변,4.3,82,해변
1810,강릉,소금강,4.0,12,"야영, 단풍, 산 및 자연"
1811,강릉,순긋해변,4.5,60,해변
1812,강릉,사천진해변,4.2,41,해변
1813,강릉,참소리축음기에디슨과학박물관,4.4,1575,축음기 컬렉션 & 에디슨 전시
1814,강릉,(사단)강릉바우길,4.7,6,산
1815,강릉,강릉솔향수목원,4.5,874,
1816,강릉,아르떼뮤지엄 강릉,4.5,1262,박물관 및 예술
1817,강릉,경포호수광장,4.6,1107,공원
1818,강릉,아들바위공원,4.3,3133,공원 및 해변
1819,강릉,정동진 시간박물관,4.5,464,박물관
1820,강릉,대관령자연휴양림,4.5,441,자연 및 야영
1821,강릉,허균·허난설헌 기념공원,4.4,2815,
1822,강릉,송정해변,4.5,44,해변
1823,강릉,강릉 카페거리,4.3,450,
1824,강릉,강릉월화거리,4.3,341,공원
1825,강릉,향호해변,4.4,28,해변
1826,강릉,아라나비 강릉점,3.8,931,집라인
1827,강릉,경포가시연습지,4.5,142,"습지, 생태관광, 석호, 공원 및 자연"
1828,강릉,금진해변,4.5,81,"해변, 서핑 및 수상 스포츠"
1829,강릉,향호해변,4.1,7,해변
1830,강릉,사천해수욕장,4.5,4,"해변, 야영 및 해수욕장"
1831,강릉,오죽헌시립박물관,4.5,311,박물관
1832,강릉,등명해변,4.4,57,해변 및 야영
1833,강릉,연곡해변,3.7,15,해변 및 야영
1834,강릉,강릉임해자연휴양림,4.3,312,
1835,강릉,하평해변,4.4,23,해변
1836,강릉,안인해변,3.8,26,해변
1837,강릉,강문솟대다리,4.3,535,
1838,강릉,경포아쿠아리움,3.9,1580,석호 및 수족관
1839,강릉,소돌해변,4.4,54,해변
1840,강릉,활래정,4.3,4,
1841,강릉,강릉시립미술관,4.0,198,"미술관, 예술 및 박물관"
1842,강릉,노추산 모정탑길,4.3,595,야영
1843,강릉,옥계해변,3.5,4,해변 및 야영
1844,강릉,심곡항,4.1,76,낚싯배와 등대가 있는 항구
1845,강릉,사천진해수욕장,4.3,592,해변
1846,강릉,멍에전망대,4.4,1143,
1847,강릉,솔바람다리,4.2,132,
1848,강릉,대관령박물관,3.8,418,박물관
1849,강릉,정동진 조각공원,4.1,303,공원
1850,강릉,정동진 해수욕장,4.3,6,
1851,강릉,주문진등대,4.4,644,
1852,강릉,정동진해돋이공원,4.6,24,공원
1853,강릉,강릉올림픽파크,4.4,172,"피겨스케이팅, 아레나 및 스키점프"
1854,강릉,남항진해변,4.3,50,해변
1855,강릉,강릉대도호부 관아,4.4,200,
1856,강릉,사근진해수욕장,4.3,490,해변
1857,강릉,강릉녹색도시체험센터,4.2,600,
1858,강릉,강릉 임영관 삼문,4.1,93,
1859,강릉,부채바위,4.3,257,
1860,강릉,동해 전망대,4.4,1182,
1861,강릉,서부시장,3.6,190,
1862,강릉,정동심곡 바다부채길 정동매표소,4.2,3647,
1863,강릉,송정해수욕장,4.2,178,해변 및 야영
1864,강릉,옥계해수욕장,4.1,425,야영 및 해변
1865,강릉,강릉 단오제 전수교육관,4.2,90,
1866,강릉,구룡폭포,4.5,80,
1867,강릉,옥계휴게소 속초방향,4.1,2645,
1868,강릉,강릉 걷는길 안내센터,0,0,
1869,강릉,보현사,4.5,118,사원
1870,강릉,소돌항,4.8,4,공원
1871,강릉,제왕산,4.4,19,
1872,강릉,정동심곡 바다부채길 심곡항,4.3,2898,
1873,강릉,동양자수박물관,3.8,72,박물관
1874,강릉,선재령,4.4,34,
1875,강릉,강릉커피박물관,3.5,533,박물관
1876,강릉,숲사랑홍보관,4.3,42,
1877,강릉,괘방산,4.6,20,산
1878,강릉,동부시장,3.5,131,시장
1879,강릉,주문진방파제,4.2,12,
1880,강릉,하슬라미술관,4.4,167,미술관 및 건축
1881,강릉,삽당령,4.1,32,
1882,강릉,사천물회마을,0,0,
1883,강릉,투구바위,4.4,249,
1884,동해시,동해시,0,0,
1885,동해시,주요 정보,0,0,
1886,동해시,볼거리,0,0,결과 정보
1887,동해시,묵호항,4.1,69,신선한 수산물 시장이 있는 도심 속 항구
1888,동해시,망상 해수욕장,4.4,310,해변 및 야영
1889,동해시,추암 촛대바위,4.4,8805,해변
1890,동해시,추암해변,4.4,92,독특한 암석이 있는 고즈넉한 해변
1891,동해시,삼척해변역,4.2,257,경치 좋은 해안 철도 정차역
1892,동해시,망상해수욕장,4.4,56,서비스를 제공하는 탁 트인 모래 해변
1893,동해시,두타산,4.5,19,"등산로와 사찰, 폭포가 있는 우뚝 솟은 봉우리"
1894,동해시,삼척해변,4.3,38,휴양을 즐길 수 있는 광활한 백사장 해변
1895,동해시,동해 논골담길,4.4,551,
1896,동해시,천곡황금박쥐동굴,4.2,2065,동굴 및 자연
1897,동해시,이사부사자공원,4.2,212,공원
1898,동해시,도째비골 스카이밸리,4.3,304,
1899,동해시,대한불교조계종 삼화사(三和寺),4.3,743,"사원, 불교 및 산"
1900,동해시,무릉별유천지,4.2,98,
1901,동해시,어달해변,4.0,40,해변
1902,동해시,오션플레이 삼척,4.7,11,
1903,동해시,베틀바위 산성길,4.3,15,등산
1904,동해시,베틀바위,4.5,20,
1905,동해시,추암해수욕장,0,0,
1906,동해시,추암조각공원,4.3,74,공원
1907,동해시,추암 촛대바위 출렁다리,4.3,38,
1908,동해시,바람의 언덕,4.4,347,
1909,동해시,묵호항수변공원,4.3,114,공원
1910,동해시,추암,4.5,10,
1911,동해시,한섬해수욕장,4.3,55,해변
1912,동해시,동해 해암정,4.1,25,
1913,동해시,한섬해변,4.2,96,
1914,동해시,해랑전망대화장실,0,0,
1915,전주,전주 한옥마을,4.1,26071,한옥이 있는 전통 마을
1916,전주,경기전,4.3,1320,어진 박물관이 있는 유서 깊은 사원
1917,전주,자만벽화마을,3.9,1414,벽화로 알록달록한 집과 골목길
1918,전주,남부시장,4.0,4852,수공예품과 길거리 음식을 판매하는 한국 시장
1919,전주,풍남문,4.2,1399,정자 형태로 된 옛 요새의 관문
1920,전주,전동성당,4.4,3489,순교자의 조각상이 있는 로마네스크 교회
1921,전주,전주동물원,4.3,3565,동물원
1922,전주,오목대,3.9,195,한옥마을 전망과 기념비가 있는 전망대
1923,전주,덕진공원,4.2,3503,탑과 연꽃 연못이 있는 호숫가 공원
1924,전주,전주향교,4.3,1650,은행나무가 있는 수백 년 된 학교
1925,전주,금산사,4.5,1532,서기 599년에 설립되어 현재까지 운영 중인 불교 사찰
1926,전주,객리단길,4.2,323,
1927,전주,모악산,4.5,54,절과 등산로가 있는 풍경이 멋진 산
1928,전주,국립전주박물관,4.4,1178,다양한 전시물을 갖춘 국립 박물관
1929,전주,국립무형유산원,4.4,420,
1930,전주,전주 풍패지관,4.1,442,
1931,전주,어진박물관,4.2,1146,박물관
1932,전주,완산공원,4.3,181,공원
1933,전주,한벽당,4.3,111,건축
1934,전주,전북도립미술관,4.2,782,"미술관, 파블로 피카소, 마르크 샤갈, 예술 및 박물관"
1935,전주,한국도로공사 전주수목원,4.5,2759,정원
1936,전주,최명희문학관 마음자리,4.3,90,박물관
1937,전주,전라감영,4.4,274,
1938,전주,이목대,4.3,38,
1939,전주,전주한지박물관,4.3,257,인터랙티브 한지 전시관
1940,전주,남천교,4.4,50,
1941,전주,전주난장,4.5,674,
1942,전주,김제 금산사 미륵전,4.4,29,불교 및 건축
1943,전주,오성 한옥마을,4.0,12,
1944,전주,전주역사박물관,4.2,356,박물관
1945,전주,남부시장 청년몰,3.9,887,
1946,전주,전주전통술박물관,3.9,191,박물관
1947,전주,전주한옥 레일바이크,4.0,836,
1948,전주,대한민국 술테마박물관,4.3,498,박물관
1949,전주,청연루,4.3,988,
1950,전주,삼례문화예술촌,4.0,662,예술
1951,전주,아쿠아틱파크 아마존,4.3,251,
1952,전주,전북대학교 박물관,4.3,131,박물관
1953,전주,송광사 대웅전,5.0,2,
1954,전주,전주드림랜드,4.2,1480,동물원
1955,전주,아중호수,4.5,350,
1956,전주,완판본문화관,4.5,35,박물관
1957,전주,삼천동 막걸리골목,3.5,242,
1958,전주,전주한벽문화관,4.1,241,
1959,전주,위봉산성마을,4.2,112,사적
1960,전주,천주교 치명자산 순교 성지,4.6,155,
1961,전주,안덕건강힐링체험마을,4.2,218,
1962,전주,첫마중길,3.8,189,
1963,전주,공기마을 편백나무숲,4.1,381,숲 및 자연
1964,전주,전주자연생태박물관,3.9,319,박물관
1965,전주,대원사,4.2,508,사원 및 불교
1966,전주,전주 남고산성,4.3,76,
1967,전주,전라북도생태관광육성지원센터,5.0,2,
1968,전주,경각산,3.5,4,패러글라이딩
1969,전주,위봉사,4.4,211,사원 및 불교
1970,전주,귀신사,4.2,113,불교 및 사원
1971,전주,천주교 전주교구청,5.0,7,
1972,전주,전주천교,4.2,39,
1973,전주,한옥마을 야시장,3.8,40,
1974,전주,호남제일문,4.1,511,
1975,전주,전주 모래내시장,3.9,700,
1976,전주,구이저수지,4.2,12,저수지
1977,전주,전주부채문화관,4.1,51,
1978,전주,세병공원,4.6,759,공원
1979,전주,기지제,4.2,11,저수지
1980,전주,명륜당,0,0,
1981,전주,종남산 송광사,4.3,590,사원
1982,전주,전주김치문화관,3.4,7,
1983,전주,동고사,4.3,88,
1984,전주,조경묘,3.8,4,
1985,전주,완산칠봉꽃동산,4.5,34,
1986,전주,오성제저수지,4.5,35,
1987,전주,수왕사,4.0,172,사원
1988,전주,구암서원,4.0,2,
1989,전주,대성전,4.0,2,
1990,전주,Awon Museum & Hanok Stay,4.3,3,박물관 및 예술
1991,전주,조경단,3.9,47,
1992,전주,금산교회,4.7,25,
1993,전주,농업과학관,4.4,97,과학관 및 박물관
1994,전주,교동미술관,4.3,38,미술관 및 박물관
1995,전주,오송제 생태공원,4.5,311,자연
1996,전주,생태공원,3.8,20,공원
1997,전주,전주양묘장,4.1,42,
1998,전주,남고사,4.2,5,
1999,전주,전주한옥마을부채박물관,4.7,3,박물관
2000,전주,추억박물관,3.0,1,박물관
2001,전주,동고산성,4.3,30,유적
2002,전주,물고기마을,3.6,307,
2003,전주,전북대학교 구정문,4.5,48,
2004,전주,전주소리문화관,4.3,48,
2005,전주,용머리고개,3.0,4,
2006,전주,봉서사,3.6,18,불교 및 사원
2007,전주,모래재휴게소,4.0,222,
2008,전주,견훤왕궁터,4.2,9,
2009,전주,한지산업지원센터,3.8,25,
2010,전주,승암산 중바위 전망대,5.0,1,산
2011,전주,아중체련공원,4.3,227,공원
2012,전주,학소암,3.0,12,
2013,목포,유달산,4.5,89,일몰과 조각 작품으로 유명한 산
2014,목포,목포해상케이블카 북항승강장,4.3,3168,
2015,목포,목포 갓바위 (천연기념물 제500호),4.2,1767,바다 앞 사암 바위
2016,목포,국립해양문화재연구소,4.6,602,박물관
2017,목포,평화광장,4.3,1732,
2018,목포,목포대교,4.3,47,
2019,목포,목포 근대역사관 1관,4.2,2206,역사 및 박물관
2020,목포,고하도,4.2,18,
2021,목포,목포자연사박물관,4.3,1477,박물관
2022,목포,목포 춤추는 바다분수,4.2,351,음악
2023,목포,삼학도,4.2,10,
2024,목포,외달도,4.3,8,
2025,목포,유달산조각공원,4.3,608,공원
2026,목포,서산동 시화골목,4.0,122,
2027,목포,초의선사탄생지,4.2,74,
2028,목포,연희네슈퍼(1987 촬영지),3.9,682,
2029,목포,가고싶은섬,0,0,
2030,목포,유달산 노적봉,4.3,91,
2031,목포,김대중 노벨평화상기념관,4.4,1286,
2032,목포,목포 근대역사관 2관(구 동양척식주식회사 목포지점),4.2,537,
2033,목포,목포어린이바다과학관,4.0,729,과학관 및 박물관
2034,목포,유달산 일등바위(정상),4.7,58,
2035,목포,노적봉예술공원,4.3,656,"미술관, 공원 및 예술"
2036,목포,삼학도공원,4.4,218,공원
2037,목포,구 목포 일본영사관,4.1,99,사적 및 역사
2038,목포,목포진역사공원,4.4,168,공원
2039,목포,유달산,4.5,56,공원
2040,목포,달리도,4.2,5,
2041,목포,유달산 이등바위,0,0,
2042,목포,고하도 해안데크,4.6,70,
2043,목포,목포 고하도 전망대,4.4,571,
2044,목포,외달도,4.0,1,
2045,목포,무안군오승우미술관,4.3,38,미술관 및 예술
2046,목포,갓바위 해상보행교,5.0,1,
2047,목포,옛 목포구(木浦口) 등대,4.4,153,등대
2048,목포,노을공원,4.3,612,공원
2049,목포,장미의거리,4.0,187,
2050,목포,옥단이 길,0,0,
2051,목포,이훈동 정원,0,0,정원
2052,목포,호텔우인,4.3,23,
2053,목포,성옥기념관,4.4,34,
2054,목포,삼학도크루즈,3.7,18,
2055,목포,압해대교,3.7,19,
2056,목포,난 전시관,0,0,
2057,목포,이난영의 목포의 눈물 노래비,5.0,1,
2058,목포,바보마당,0,0,
2059,목포,고하도이충무공유적,4.0,216,
2060,목포,남농기념관,3.3,13,
2061,목포,달성사,4.1,26,
2062,목포,양을산,4.0,8,
2063,목포,목포 해상케이블카 유달산 승강장,4.5,890,
2064,목포,목포생활도자박물관,4.2,48,박물관
2065,목포,유달산 낙조대,4.3,245,
2066,목포,달성공원,4.3,3,
2067,목포,난영공원,4.2,179,공원
2068,목포,다도해해상국립공원 서부사무소,4.3,111,공원
2069,목포,옥암수변공원,4.5,6,공원
2070,목포,장좌도,3.0,1,
2071,목포,대학루,4.0,4,
2072,목포,유달산둘레길,0,0,하이킹
2073,목포,아트센터신선미술관,4.7,3,미술관 및 예술
2074,목포,입암산 둘레길,0,0,
2075,목포,고하도 해상데크,0,0,
2076,목포,목포오포대,5.0,1,
2077,목포,목포문화원(구 호남은행),4.3,33,
2078,목포,구 목포공립심상소학교,3.0,2,
2079,목포,만남의폭포,4.2,89,
2080,목포,무안 유교리 고가,4.1,10,
2081,목포,목포진지,4.5,23,
2082,목포,부흥산,4.0,1,
2083,목포,유달산 마당바위,3.5,2,
2084,목포,입암산,4.6,10,
2085,목포,외달도해변,3.8,6,
2086,목포,봉수산,3.5,2,자연
2087,목포,유달산공원,5.0,1,공원
2088,목포,구 유달해수욕장,3.8,11,해변
2089,목포,구 목포부청 서고 및 방공호,3.5,4,
2090,목포,둥근공원,4.0,60,공원
2091,목포,조선내화 목포공장,4.5,2,건축
2092,여수,천사벽화마을,3.8,1648,
2093,여수,오동도,4.4,299,동백꽃이 피는 경치 좋은 섬
2094,여수,돌산공원,4.3,2713,찻집이 있는 탁 트인 전망의 넓은 공원
2095,여수,영취산,4.2,33,산
2096,여수,여수해상케이블카 돌산탑승장,4.2,9875,탁 트인 풍경을 볼 수 있는 케이블카
2097,여수,아쿠아플라넷 여수,4.1,8515,터치풀과 쇼를 즐길 수 있는 수영장
2098,여수,다도해해상국립공원 금오도 지구,4.7,49,공원
2099,여수,대한불교조계종 향일암,4.5,5192,바다 경관을 만끽할 수 있는 불교 사찰
2100,여수,여수해양레일바이크,3.8,2951,여수 해변가를 따라 달리는 레일바이크
2101,여수,돌산대교,4.3,460,화려한 야간 조명을 자랑하는 사장교
2102,여수,이순신광장,4.1,8024,공원
2103,여수,거문도,3.8,31,낚시를 할 수 있고 풍경이 아름다운 작은 섬
2104,여수,이순신대교,4.5,86,전망대가 있는 바다 위의 긴 다리
2105,여수,와온해변,4.3,106,해변
2106,여수,하멜등대,4.1,1468,등대
2107,여수,진남관,3.7,602,
2108,여수,디오션워터파크,3.9,510,워터파크
2109,여수,여수엑스포해양공원,4.2,679,
2110,여수,여수해양공원,4.2,2638,공원
2111,여수,해양수산과학관,4.0,454,과학관 및 박물관
2112,여수,만성리검은모래해변,3.3,79,해변
2113,여수,소호 동동다리,4.4,1159,
2114,여수,유월드 루지 테마파크,4.4,2169,
2115,여수,여수예술랜드,3.7,86,예술
2116,여수,순천왜성,4.2,115,성 및 역사
2117,여수,비렁길,4.5,71,
2118,여수,순천만 용산전망대,4.6,1681,습지
2119,여수,여수 자산공원,4.2,611,공원 및 단풍
2120,여수,(주)한려수도,4.0,27,
2121,여수,방죽포해수욕장,4.0,877,해변 및 야영
2122,여수,팔영산,4.7,67,맑은 날 바다가 보이는 산봉우리
2123,여수,장도,4.6,161,예술
2124,여수,하화도,4.2,31,
2125,여수,여수 낭만버스,3.3,6,
2126,여수,백야도,4.5,11,등대
2127,여수,모사금 해수욕장,4.2,210,해변
2128,여수,안도,4.0,8,
2129,여수,배알도수변공원,4.2,856,공원 및 야영
2130,여수,광양와인동굴,3.1,930,포도주
2131,여수,여수세계박람회 스카이타워,4.0,1385,
2132,여수,무슬목해변,4.3,45,해변
2133,여수,고흥우주발사전망대,4.2,1531,
2134,여수,교동시장,3.9,619,"해산물, 시장 및 쇼핑"
2135,여수,사도,3.8,6,화석
2136,여수,웅천친수공원,4.4,1777,"공원, 야영 및 해변"
2137,여수,빅오쇼,4.3,1008,
2138,여수,거문도등대,4.4,148,등대 및 건축
2139,여수,오동도 등대,4.3,751,등대
2140,여수,구봉산 전망대,4.4,775,
2141,여수,둔병대교,4.2,11,
2142,여수,장군도,4.4,7,
2143,여수,여수 하멜전시관,3.9,128,등대
2144,여수,전남도립미술관,4.5,178,미술관 및 예술
2145,여수,만성리 검은모래해변,4.0,348,해변
2146,여수,여수예술랜드 미디어아트 조각공원,3.7,1068,공원
2147,여수,금오산,4.0,6,불교
2148,여수,오동도,4.3,4142,
2149,여수,비렁길 3코스(학동),4.5,84,
2150,여수,아르떼뮤지엄 여수,4.6,888,박물관 및 예술
2151,여수,거북선대교,4.1,92,등대
2152,여수,낭도대교,4.0,6,
2153,여수,여수 서시장,4.0,2415,해산물
2154,여수,팔영산 자연휴양림,4.2,152,야영
2155,여수,오동도 용굴,3.7,41,
2156,여수,망덕포구,4.1,303,
2157,여수,여수 흥국사,4.2,274,사원
2158,여수,적금대교,3.8,6,
2159,여수,여수스카이플라이,3.5,21,
2160,여수,낭도,4.4,78,
2161,여수,고흥 남열해수욕장,4.4,35,
2162,진주,진주성,4.5,3428,"화려한 외관이 특징인 정자와 1,760m 길이의 바위벽"
2163,진주,촉석루,4.5,2821,
2164,진주,국립진주박물관,4.7,833,지역 역사와 임진왜란 관련 전시
2165,진주,진양호,4.3,23,"공원, 동물원, 호수 및 수달"
2166,진주,경상남도수목원,4.4,1448,단풍
2167,진주,진주 의암,4.3,36,
2168,진주,한우산,4.3,41,야영
2169,진주,진양호 공원,4.4,11,공원
2170,진주,청곡사,4.4,26,
2171,진주,월아산,4.5,20,"등산, 자연 및 산"
2172,진주,진양호동물원,3.9,1349,동물원
2173,진주,진주익룡발자국전시관,4.3,87,박물관
2174,진주,자굴산,3.9,20,
2175,진주,서산서원,4.2,37,
2176,진주,진주시립 이성자 미술관,4.1,148,"미술관, 예술 및 박물관"
2177,진주,진양호전망대,4.5,241,
2178,진주,충익사,4.0,51,
2179,진주,월아산 숲속의 진주,4.6,101,
2180,진주,정암철교,0,0,
2181,진주,LH 토지주택박물관,4.3,133,박물관
2182,진주,와인갤러리,4.1,310,포도주
2183,진주,의령 의병박물관,4.3,241,박물관
2184,진주,금호지,4.5,33,
2185,진주,의기사,4.0,9,
2186,진주,금호지,4.6,30,
2187,진주,정암루,4.0,20,
2188,진주,의령구름다리,4.3,478,
2189,진주,가좌산,4.4,11,공원
2190,진주,선학산 전망대,4.8,13,
2191,진주,사단법인진주어린이박물관,3.9,35,박물관
2192,진주,의병탑,4.4,5,박물관
2193,진주,남가람공원,4.4,556,공원
2194,진주,쇠목재,4.4,130,
2195,진주,석류공원,4.1,178,공원 및 석류나무
2196,진주,망진산봉수대,4.4,159,
2197,진주,물초울공원,4.6,123,공원
2198,진주,진주레일바이크 남강레저산업,4.2,133,
2199,진주,창열사,4.4,5,
2200,진주,두방사,4.1,58,
2201,진주,겁외사 劫外寺 since 2001,4.3,82,불교
2202,진주,진주시음악분수대,4.4,607,음악
2203,진주,자굴산자연휴양림,4.0,8,
2204,진주,영천강1교,4.0,4,
2205,진주,캠핑소사이어티,4.3,73,야영
2206,진주,한우산 도깨비숲(입구),4.3,89,
2207,진주,구 진주역,3.7,72,
2208,진주,진주교,4.1,247,
2209,진주,집현산,4.0,3,
2210,진주,수암사,3.9,145,사원
2211,진주,천주교 문산 성당,4.6,64,건축
2212,진주,벽화산,0,0,
2213,진주,의령 솥바위,4.2,332,
2214,진주,남가람 박물관,4.0,2,박물관
2215,진주,호국사,4.2,92,불교
2216,진주,진주 청곡사 영산회괘불탱,4.4,174,
2217,진주,방어산마애불,4.1,14,
2218,진주,서동생활공원,4.7,18,공원
2219,진주,남강댐 물문화관,4.1,220,
2220,진주,산성산,4.0,3,
2221,진주,응석사,4.2,104,
2222,진주,금산교,4.0,4,
2223,진주,경상국립대학교 박물관,4.1,25,박물관
2224,진주,용댐계곡,2.0,1,
2225,진주,산청 법학리 삼층석탑,4.8,6,건축
2226,진주,북장대,4.0,7,
2227,진주,진주매화숲,4.1,32,
2228,진주,의령관문공원,4.0,2,공원
2229,진주,인사동 골동품거리,3.3,4,
2230,진주,의곡사,4.2,64,불교
2231,진주,마애사,4.1,262,
2232,진주,진주청동기문화박물관,4.0,139,박물관
2233,진주,어계고택,4.6,14,
2234,진주,성전암,4.0,6,
2235,진주,금호지생태공원,4.6,51,공원
2236,진주,김시민장군 전공비,4.7,7,
2237,진주,의림사,4.3,97,
2238,진주,석갑산자연농원,4.2,39,
2239,진주,망진산,4.0,2,
2240,진주,진치령터널,4.3,15,
2241,진주,대회,0,0,
2242,진주,영남포정사문루,4.1,7,
2243,진주,진주시어린이교통청소년모험공원,4.4,153,공원
2244,진주,성철대종사생가,4.2,328,
2245,진주,묵곡생태숲,5.0,2,
2246,진주,진주대첩광장,0,0,
2247,진주,단성묵곡생태숲,4.5,108,공원
2248,진주,방어산,4.0,1,산 및 자연
2249,진주,바람모아공원,4.5,2,공원
2250,진주,김시민대교,4.4,25,
2251,진주,진양호가족공원,4.2,11,공원 및 자연
2252,진주,의령 보천사지 삼층석탑,4.0,3,
2253,진주,성철스님기념관,4.1,8,
2254,진주,남악서원,4.2,15,
2255,진주,진주 쌍충사적비,4.2,5,
2256,진주,남강댐 노을공원,4.5,86,공원
2257,진주,진주 광제산 봉수대,4.2,18,
2258,진주,광제서원,4.1,8,
2259,포항,호미곶 해맞이광장,4.4,2091,
2260,포항,호미곶,4.4,248,바위가 많으며 등대와 조각이 있는 곶
2261,포항,영일대해수욕장,4.4,142,시내 풍경이 보이는 인기 해변
2262,포항,보경사(寶鏡寺),4.2,807,인근에 폭포가 있는 산사
2263,포항,주왕산 국립공원,4.6,87,석회암 봉우리와 사찰이 있는 울창한 공원
2264,포항,국립등대박물관,4.2,190,바다를 볼 수 있는 등대 박물관
2265,포항,구룡포해수욕장,4.2,1073,해변
2266,포항,포항시립미술관,4.4,349,"미술관, 예술 및 박물관"
2267,포항,환호공원,4.4,2161,공원
2268,포항,월포해수욕장,4.1,106,"해변, 서핑, 야영 및 수상 스포츠"
2269,포항,블루로드,4.3,155,
2270,포항,영일대해수욕장,4.3,7063,해변
2271,포항,환호공원 스페이스워크,4.4,331,
2272,포항,내연산,4.6,30,"등산로, 폭포, 불교 사찰"
2273,포항,포항운하,4.2,445,운하
2274,포항,구룡포 일본인가옥거리,3.9,5036,
2275,포항,칠포해수욕장,4.1,120,"재즈, 야영 및 해변"
2276,포항,호미곶 상생의 손,4.3,2586,
2277,포항,오어사(吾魚寺),4.3,1252,사원
2278,포항,영일만,4.3,7,해변 및 항만
2279,포항,구룡포근대역사관,3.8,915,역사
2280,포항,호미반도 해안둘레길 2코스(선바우길),4.4,312,
2281,포항,하옥계곡,4.5,222,야영
2282,포항,사방기념공원,4.4,456,공원
2283,포항,내연산 12폭포,4.5,224,폭포
2284,포항,포항 철길숲,4.7,119,공원
2285,포항,장사해수욕장,4.3,63,전쟁의 역사를 간직한 해변
2286,포항,청송 얼음골,4.3,1274,"빙벽 등반, 야영 및 등반"
2287,포항,이가리 닻 전망대,4.3,1502,
2288,포항,화진해수욕장,4.1,62,수영과 보트를 즐길 수 있는 해변
2289,포항,포스코 역사관,4.4,719,박물관
2290,포항,호미곶등대,4.2,87,등대 및 건축
2291,포항,곤륜산,4.5,11,
2292,포항,경상북도수목원,4.5,13,
2293,포항,보현산천문대,4.3,105,"관측소, 과학관 및 야영"
2294,포항,보현산,4.4,36,"관측소, 야영 및 산"
2295,포항,운제산,4.1,7,단풍
2296,포항,새천년기념관,4.0,77,박물관
2297,포항,연오랑세오녀 테마공원,4.4,2333,공원
2298,포항,곤륜산,4.6,40,
2299,포항,상생폭포,4.4,243,폭포
2300,포항,포항송도해수욕장,0,0,
2301,포항,구룡포 과메기 문화관,4.3,797,
2302,포항,장길리복합낚시공원,4.1,1131,공원
2303,포항,관음폭포,4.4,46,폭포
2304,포항,동대산,5.0,3,
2305,포항,도구해수욕장,4.0,218,해변
2306,포항,절골계곡,4.5,366,단풍
2307,포항,park1538,4.5,17,
2308,포항,무장산,4.4,31,등산
2309,포항,이가리간이해수욕장,3.9,74,해변
2310,포항,영일교,4.3,1202,
2311,포항,비학산 자연휴양림,4.5,86,야영
2312,포항,해맞이공원,3.9,51,공원
2313,포항,포항 장기읍성,4.2,93,
2314,포항,오어지,4.3,28,단풍
2315,포항,포항보경사서운암동종,4.7,3,
2316,포항,해오름 전망대,4.3,197,
2317,포항,주산지(注山池),4.2,1927,
2318,포항,대게공원,4.0,16,공원
2319,포항,포항 스카이워크,4.0,68,공원
2320,포항,흥환간이해수욕장,4.1,54,해변
2321,포항,불의 정원,4.4,816,공원
2322,포항,청송자연휴양림,4.3,107,자연 및 야영
2323,포항,영일민속박물관,4.4,24,박물관
2324,포항,연동 어촌체험마을,3.9,13,
2325,포항,자장암,4.3,58,불교 및 사원
2326,포항,운곡서원(雲谷書院),4.4,38,단풍
2327,포항,하선대(下仙臺),4.2,486,
2328,포항,장사상륙작전 전승기념관,4.5,240,
2329,포항,보경사계곡,4.3,906,
2330,포항,송도해수욕장,4.5,44,수영과 일출을 즐길 수 있는 인공 해변
2331,포항,죽도어시장상인회,3.6,39,해산물
2332,포항,중명자연생태공원,4.4,491,야영
2333,포항,형산강 체육공원,4.1,140,공원
2334,포항,오도1리해수욕장,4.4,65,해변
2335,포항,덕동문화마을,3.9,12,
2336,포항,독수리바위,4.0,10,
2337,포항,기청산식물원,4.4,24,
2338,포항,포항 냉수리 신라비(浦項 冷水里 新羅碑)(국보 제264호),4.2,11,
2339,포항,유채꽃밭,5.0,1,
2340,포항,내연산군립공원,4.3,14,공원
2341,포항,용계정,4.1,47,숲
2342,포항,도음산산림문화수련장,4.6,369,
2343,포항,호미반도 해안둘레길 1코스(연오랑세오녀길),4.2,39,
2344,포항,장기유배문화체험촌,4.1,172,
2345,포항,경주 무장사지 삼층석탑,3.7,57,
2346,포항,송도솔밭도시숲,4.4,456,공원
2347,포항,어래산,3.0,2,
2348,포항,비학산,0,0,산 및 저수지
2349,포항,천령산,3.5,2,
2350,포항,영일대 해상누각,4.4,748,
2351,포항,일출암,4.2,61,
2352,포항,영일대 장미원,4.2,18,
2353,포항,용한1리해수욕장,4.3,60,해변
2354,포항,로보라이프뮤지엄,4.2,131,박물관
2355,포항,봉좌산기도원,0,0,
